{"stats":{"minecraft:dropped":{"tfc:plant/water_lily":6,"tfc:straw":4,"tfc:powder/flux":3,"tfc:wood/fallen_leaves/douglas_fir":2,"tfc:sand/white":1,"tfc:mud/silty_loam":7,"minecraft:stick":6,"tfc:plant/morning_glory":1,"tfc:plant/red_algae":1,"tfc:plant/artists_conk":1,"tfc:stone/hammer/igneous_extrusive":1,"tfc:wood/log/douglas_fir":1,"tacz:modern_kinetic_gun":3,"minecraft:bucket":1,"tfc:bucket/spring_water":1,"tfc:ore/small_magnetite":1,"tfc:daub":2,"tfc:food/cooked_grouse":1,"tfc:wood/log/hickory":7,"tfc:food/tomato":6,"minecraft:chicken":2,"minecraft:rotten_flesh":5,"tfc:stone/javelin/sedimentary":1,"tfc:stone/javelin/igneous_extrusive":1,"tfc:dirt/silty_loam":75,"tfc:rock/loose/dacite":2,"tfc:stone/knife/igneous_extrusive":1,"supplementaries:ash":2,"tfc:food/green_bean":1,"tfc:wood/twig/maple":2,"tfc:large_raw_hide":5,"tfc:wood/twig/douglas_fir":3,"tfc:plant/field_horsetail":1,"tfc:ceramic/jug":1,"tfc:bucket/blue_dye":1,"minecraft:spider_eye":3,"tfc:groundcover/seaweed":12,"tfc:stone/axe_head/igneous_extrusive":1},"minecraft:crafted":{"tfc:wood/wood/douglas_fir":3,"tfc:stone/hammer/igneous_extrusive":1,"tfc:thatch":2,"tfc:stone/knife/igneous_extrusive":3,"tfc:daub":14,"tfc:wattle":6,"minecraft:stick":6,"tfc:firestarter":2,"tfc:stone/shovel/igneous_extrusive":3,"tfc:stone/javelin/sedimentary":3,"tfc:stone/javelin/igneous_extrusive":1,"tfc:powder/flux":2,"tfc:stone/axe/igneous_extrusive":3},"minecraft:killed_by":{"minecraft:spider":3,"minecraft:skeleton":2},"minecraft:broken":{"tfc:stone/shovel/igneous_extrusive":2,"tfc:stone/javelin/igneous_extrusive":1,"tfc:stone/knife/igneous_extrusive":2,"tfc:stone/axe/igneous_extrusive":2,"tfc:firestarter":1},"minecraft:picked_up":{"tfc:rock/mossy_loose/dolomite":6,"tfc:wood/wood/douglas_fir":1,"tfc:food/tomato":12,"minecraft:chicken":5,"minecraft:clay_ball":130,"tfc:stone/hammer/igneous_extrusive":1,"tfc:rock/gravel/conglomerate":2,"tfc:seeds/tomato":9,"tfc:wood/twig/maple":11,"tfc:rock/loose/dacite":27,"tfc:groundcover/seaweed":15,"tfc:wood/log/hickory":11,"tfc:groundcover/sea_urchin":1,"minecraft:string":15,"tfc:stone/knife/igneous_extrusive":3,"tfc:straw":26,"tfc:ceramic/jug":1,"tfc:bucket/spring_water":1,"tfc:wood/log/douglas_fir":113,"tfc:food/beef":11,"tfc:dirt/silty_loam":102,"minecraft:bucket":1,"tfc:plant/lotus":8,"tfc:plant/artists_conk":1,"tfc:rock/loose/conglomerate":11,"tfc:powder/wood_ash":1,"minecraft:stick":86,"tfc:wood/twig/hickory":21,"tfc:plant/water_lily":6,"tfc:wood/fallen_leaves/hickory":1,"minecraft:porkchop":2,"tfc:thatch":9,"tfc:food/green_bean":5,"tfc:wattle":14,"minecraft:arrow":7,"tfc:stone/axe/igneous_extrusive":1,"tfc:rock/mossy_loose/dacite":29,"minecraft:rotten_flesh":6,"ars_nouveau:worn_notebook":1,"tfc:bucket/blue_dye":1,"tfc:torch":2,"tfc:seeds/green_bean":2,"tfc:rock/mossy_loose/conglomerate":19,"firmalife:ore/small_chromite":2,"supplementaries:ash":2,"tfc:sand/white":5,"tfc:plant/morning_glory":1,"minecraft:feather":2,"tfc:plant/arundo":37,"tfc:wood/twig/douglas_fir":10,"tfc:daub":2,"tfc:food/onion":2,"butchersdelight:deadpig":1,"tfc:food/shellfish":2,"tfc:plant/red_algae":1,"tfc:wood/fallen_leaves/douglas_fir":3,"butchersdelight:deadchiken":3,"minecraft:bone":6,"tfc:plant/field_horsetail":1,"tfc:large_raw_hide":11,"tfc:wattle/unstained":6,"tfc:powder/flux":3,"tfc:jute":10,"tfc:ceramic/vessel":2,"tfc:firestarter":2,"farmersdelight:ham":1,"tfc:ore/small_magnetite":5,"minecraft:spider_eye":7,"alexsmobs:animal_dictionary":2,"tfc:mud/silty_loam":22,"tfc:wattle/black":1,"tfc:plant/sea_palm":1,"tacz:modern_kinetic_gun":3,"tfc:stone/javelin/igneous_extrusive":3,"tfc:stone/javelin/sedimentary":1,"tfc:pumpkin":1,"tfc:rock/loose/dolomite":7,"tfc:seeds/onion":3},"minecraft:mined":{"tfc:plant/lotus":8,"tfc:wood/twig/hickory":8,"tfc:plant/gooseberry_bush":2,"tfc:plant/houstonia":3,"tfc:wattle/black":1,"tfc:plant/lily_of_the_valley":4,"tfc:plant/sea_lavender":6,"tfc:plant/tall_fescue_grass":54,"tfc:rock/mossy_loose/dolomite":3,"tfc:grass/silty_loam":37,"tfc:dirt/silty_loam":55,"tfc:plant/licorice_fern":1,"tfc:wattle/unstained":3,"tfc:wall_torch":4,"tfc:wild_crop/green_bean":2,"tfc:wood/leaves/maple":2,"tfc:plant/pickerelweed":1,"tfc:wood/twig/maple":2,"tfc:groundcover/stick":16,"tfc:plant/eel_grass":1,"minecraft:fire":1,"tfc:rock/mossy_loose/conglomerate":3,"tfc:plant/timothy_grass":27,"tfc:rock/loose/conglomerate":1,"tfc:plant/cattail":12,"tfc:plant/artists_conk":2,"tfc:wood/fallen_leaves/douglas_fir":1,"tfc:plant/switchgrass":45,"tfc:firepit":1,"tfc:wood/fallen_leaves/hickory":1,"tfc:sand/white":7,"tfc:thatch":3,"tfc:plant/water_lily":6,"tfc:plant/marigold":1,"tfc:wood/log/douglas_fir":23,"tfc:plant/green_algae":5,"tfc:pumpkin":1,"tfc:clay_grass/silty_loam":11,"tfc:plant/blackberry_bush":1,"tfc:rock/mossy_loose/dacite":3,"tfc:wild_crop/jute":5,"tfc:plant/field_horsetail":5,"tfc:plant/arundo_plant":36,"tfc:wattle":7,"tfc:wood/log/hickory":1,"tfc:plant/beachgrass":17,"tfc:rock/gravel/conglomerate":2,"tfc:plant/sea_palm":3,"tfc:plant/scutch_grass":30,"tfc:plant/dandelion":3,"tfc:plant/arrowhead":2,"tfc:plant/athyrium_fern":5,"tfc:plant/arundo":4,"tfc:placed_item":3,"tfc:wild_crop/onion":1,"butchersdelight:deadchickenblock":1,"tfc:plant/morning_glory":13,"tfc:clay/silty_loam":46,"tfc:rock/loose/dolomite":3,"firmalife:ore/small_chromite":2,"tfc:plant/red_algae":2,"tfc:ore/small_magnetite":3,"tfc:wild_crop/tomato":3,"tfc:plant/moss":3,"tfc:rock/loose/dacite":3,"tfc:wood/wood/douglas_fir":1,"tfc:groundcover/sea_urchin":1,"tfc:wood/twig/douglas_fir":4,"tfc:mud/silty_loam":25,"tfc:thatch_bed":3},"minecraft:killed":{"minecraft:spider":9,"minecraft:skeleton":1,"tfc:cow":1,"tfc:lobster":3,"minecraft:creeper":1,"minecraft:zombie":2},"minecraft:used":{"tfc:rock/gravel/conglomerate":2,"tfc:groundcover/mollusk":1,"tfc:rock/mossy_loose/dacite":1,"tfc:food/cooked_beef":4,"tfc:stone/javelin/igneous_extrusive":88,"minecraft:stick":11,"tfc:rock/loose/dacite":5,"tfc:wood/wood/douglas_fir":1,"tfc:wood/fallen_leaves/hickory":1,"tfc:stone/shovel/igneous_extrusive":176,"tfc:bucket/limewater":1,"tfc:rock/loose/dolomite":3,"tfc:wattle/unstained":6,"tfc:mud/silty_loam":15,"tfc:bucket/blue_dye":5,"tfc:wattle/black":1,"tfc:stone/axe/igneous_extrusive":71,"tfc:wood/twig/maple":1,"tfc:groundcover/sea_urchin":1,"tfc:bucket/spring_water":2,"minecraft:water_bucket":1,"tfc:wattle":20,"tfc:food/green_bean":3,"tfc:stone/knife/igneous_extrusive":118,"tfc:thatch":11,"tfc:sand/white":4,"tfc:groundcover/driftwood":3,"tfc:wood/log/douglas_fir":64,"tfc:dirt/silty_loam":21,"tfc:plant/sea_palm":1,"tfc:stone/javelin/sedimentary":47,"farmersdelight:ham":1,"tfc:wood/log/hickory":1,"tfc:torch":4,"minecraft:bucket":6,"tfc:firestarter":26,"tfc:groundcover/seaweed":6},"minecraft:custom":{"minecraft:mob_kills":20,"minecraft:leave_game":3,"minecraft:time_since_death":78110,"minecraft:sprint_one_cm":227152,"minecraft:walk_one_cm":558061,"minecraft:drop":83,"minecraft:play_time":189140,"minecraft:deaths":5,"minecraft:sneak_time":1482,"minecraft:walk_under_water_one_cm":30674,"minecraft:jump":556,"minecraft:walk_on_water_one_cm":28667,"minecraft:total_world_time":189140,"minecraft:time_since_rest":79706,"minecraft:damage_taken":2062,"minecraft:damage_dealt":1268,"minecraft:swim_one_cm":17517,"minecraft:fly_one_cm":46855,"minecraft:crouch_one_cm":2181,"minecraft:fall_one_cm":3945}},"DataVersion":3465}