{"stats":{"minecraft:killed_by":{"minecraft:spider":3},"minecraft:used":{"tfc:rock/gravel/conglomerate":2,"tfc:stone/knife/igneous_extrusive":34,"tfc:stone/javelin/igneous_extrusive":28,"minecraft:stick":9,"tfc:rock/loose/dacite":3,"tfc:wood/fallen_leaves/hickory":1,"tfc:stone/shovel/igneous_extrusive":24,"tfc:dirt/silty_loam":1,"tfc:rock/loose/dolomite":1,"tfc:stone/axe/igneous_extrusive":9,"tfc:firestarter":6,"tfc:groundcover/seaweed":2},"minecraft:killed":{"minecraft:spider":6,"minecraft:creeper":1,"minecraft:skeleton":1,"minecraft:zombie":1},"minecraft:dropped":{"tfc:sand/white":1,"tacz:modern_kinetic_gun":3},"minecraft:custom":{"minecraft:mob_kills":9,"minecraft:time_since_death":6240,"minecraft:time_since_rest":6266,"minecraft:sprint_one_cm":70093,"minecraft:damage_taken":832,"minecraft:walk_one_cm":112837,"minecraft:drop":4,"minecraft:damage_dealt":477,"minecraft:swim_one_cm":716,"minecraft:fly_one_cm":32963,"minecraft:play_time":40502,"minecraft:deaths":3,"minecraft:sneak_time":32,"minecraft:walk_under_water_one_cm":9152,"minecraft:jump":121,"minecraft:walk_on_water_one_cm":5253,"minecraft:total_world_time":40502,"minecraft:fall_one_cm":1231},"minecraft:mined":{"tfc:plant/lotus":7,"tfc:wood/twig/hickory":8,"tfc:rock/mossy_loose/dacite":2,"tfc:plant/field_horsetail":4,"tfc:plant/houstonia":2,"tfc:plant/arundo_plant":36,"tfc:plant/lily_of_the_valley":1,"tfc:rock/mossy_loose/dolomite":3,"tfc:plant/tall_fescue_grass":50,"tfc:dirt/silty_loam":1,"tfc:plant/beachgrass":2,"tfc:rock/gravel/conglomerate":2,"tfc:plant/sea_palm":2,"tfc:plant/scutch_grass":21,"tfc:plant/dandelion":3,"tfc:plant/arrowhead":2,"tfc:plant/athyrium_fern":5,"tfc:plant/arundo":4,"tfc:wild_crop/onion":1,"tfc:plant/morning_glory":1,"tfc:clay/silty_loam":20,"tfc:rock/loose/dolomite":3,"tfc:wood/leaves/maple":2,"tfc:plant/pickerelweed":1,"tfc:wood/twig/maple":2,"tfc:groundcover/stick":15,"tfc:ore/small_magnetite":1,"tfc:plant/eel_grass":1,"tfc:wild_crop/tomato":3,"tfc:plant/moss":2,"tfc:rock/mossy_loose/conglomerate":3,"tfc:rock/loose/dacite":3,"tfc:plant/timothy_grass":18,"tfc:rock/loose/conglomerate":1,"tfc:plant/cattail":8,"tfc:plant/artists_conk":1,"tfc:wood/fallen_leaves/douglas_fir":1,"tfc:plant/switchgrass":27,"tfc:wood/twig/douglas_fir":4,"tfc:sand/white":1,"tfc:plant/marigold":1,"tfc:plant/water_lily":6,"tfc:plant/green_algae":5,"tfc:pumpkin":1,"tfc:clay_grass/silty_loam":5},"minecraft:crafted":{"tfc:stone/knife/igneous_extrusive":1,"tfc:firestarter":1,"tfc:stone/shovel/igneous_extrusive":1,"tfc:stone/javelin/igneous_extrusive":1,"tfc:stone/axe/igneous_extrusive":1},"minecraft:picked_up":{"tfc:rock/mossy_loose/dolomite":6,"tfc:plant/arundo":35,"tfc:food/tomato":12,"tfc:wood/twig/douglas_fir":10,"minecraft:clay_ball":51,"tfc:food/onion":2,"tfc:rock/gravel/conglomerate":2,"tfc:seeds/tomato":9,"tfc:rock/loose/dacite":27,"tfc:wood/twig/maple":9,"tfc:groundcover/seaweed":6,"tfc:wood/fallen_leaves/douglas_fir":3,"minecraft:string":12,"tfc:stone/knife/igneous_extrusive":2,"butchersdelight:deadchiken":1,"tfc:dirt/silty_loam":1,"tfc:plant/lotus":8,"tfc:rock/loose/conglomerate":11,"minecraft:stick":73,"tfc:plant/water_lily":3,"tfc:wood/twig/hickory":21,"tfc:firestarter":2,"alexsmobs:animal_dictionary":2,"tfc:ore/small_magnetite":2,"minecraft:spider_eye":4,"tfc:stone/axe/igneous_extrusive":1,"tfc:rock/mossy_loose/dacite":28,"minecraft:rotten_flesh":1,"tacz:modern_kinetic_gun":3,"tfc:stone/javelin/igneous_extrusive":2,"ars_nouveau:worn_notebook":1,"tfc:pumpkin":1,"tfc:rock/loose/dolomite":7,"tfc:rock/mossy_loose/conglomerate":19,"tfc:sand/white":1,"tfc:seeds/onion":3}},"DataVersion":3465}