{"stats":{"minecraft:killed_by":{"minecraft:spider":3},"minecraft:used":{"tfc:rock/gravel/conglomerate":2,"tfc:stone/knife/igneous_extrusive":53,"tfc:food/cooked_beef":3,"tfc:stone/javelin/igneous_extrusive":54,"minecraft:stick":9,"tfc:thatch":2,"tfc:rock/loose/dacite":3,"tfc:groundcover/driftwood":3,"tfc:wood/fallen_leaves/hickory":1,"tfc:stone/shovel/igneous_extrusive":59,"tfc:wood/log/douglas_fir":16,"tfc:dirt/silty_loam":1,"tfc:rock/loose/dolomite":1,"tfc:stone/axe/igneous_extrusive":36,"tfc:wood/log/hickory":1,"tfc:firestarter":14,"tfc:groundcover/seaweed":2},"minecraft:killed":{"minecraft:spider":8,"minecraft:creeper":1,"minecraft:skeleton":1,"tfc:cow":1,"minecraft:zombie":1},"minecraft:dropped":{"tfc:ore/small_magnetite":1,"tfc:plant/water_lily":3,"tfc:straw":1,"tfc:wood/log/hickory":7,"tfc:sand/white":1,"tfc:dirt/silty_loam":1,"tfc:rock/loose/dacite":2,"minecraft:stick":6,"tfc:plant/morning_glory":1,"tfc:wood/log/douglas_fir":1,"tfc:plant/field_horsetail":1,"minecraft:spider_eye":3,"tacz:modern_kinetic_gun":3,"tfc:stone/axe_head/igneous_extrusive":1},"minecraft:broken":{"tfc:stone/axe/igneous_extrusive":1,"tfc:stone/knife/igneous_extrusive":1},"minecraft:custom":{"minecraft:mob_kills":12,"minecraft:time_since_death":30240,"minecraft:time_since_rest":30266,"minecraft:sprint_one_cm":99300,"minecraft:damage_taken":1190,"minecraft:walk_one_cm":207167,"minecraft:drop":26,"minecraft:damage_dealt":665,"minecraft:swim_one_cm":716,"minecraft:fly_one_cm":36109,"minecraft:play_time":64502,"minecraft:deaths":3,"minecraft:sneak_time":131,"minecraft:walk_under_water_one_cm":9366,"minecraft:jump":186,"minecraft:walk_on_water_one_cm":7781,"minecraft:total_world_time":64502,"minecraft:fall_one_cm":1440},"minecraft:mined":{"tfc:plant/lotus":7,"tfc:wood/twig/hickory":8,"tfc:plant/gooseberry_bush":2,"tfc:rock/mossy_loose/dacite":3,"tfc:plant/field_horsetail":5,"tfc:plant/houstonia":2,"tfc:plant/arundo_plant":36,"tfc:plant/lily_of_the_valley":2,"tfc:plant/sea_lavender":6,"tfc:rock/mossy_loose/dolomite":3,"tfc:plant/tall_fescue_grass":54,"tfc:wood/log/hickory":1,"tfc:grass/silty_loam":2,"tfc:dirt/silty_loam":2,"tfc:plant/beachgrass":5,"tfc:rock/gravel/conglomerate":2,"tfc:plant/sea_palm":2,"tfc:plant/scutch_grass":28,"tfc:plant/dandelion":3,"tfc:plant/arrowhead":2,"tfc:plant/athyrium_fern":5,"tfc:plant/arundo":4,"tfc:wild_crop/onion":1,"butchersdelight:deadchickenblock":1,"tfc:plant/morning_glory":7,"tfc:clay/silty_loam":46,"tfc:rock/loose/dolomite":3,"tfc:wood/leaves/maple":2,"tfc:plant/pickerelweed":1,"tfc:wood/twig/maple":2,"tfc:groundcover/stick":16,"tfc:ore/small_magnetite":1,"tfc:plant/eel_grass":1,"tfc:wild_crop/tomato":3,"tfc:plant/moss":2,"tfc:rock/mossy_loose/conglomerate":3,"tfc:rock/loose/dacite":3,"tfc:plant/timothy_grass":27,"tfc:rock/loose/conglomerate":1,"tfc:plant/cattail":8,"tfc:plant/artists_conk":1,"tfc:wood/fallen_leaves/douglas_fir":1,"tfc:plant/switchgrass":43,"tfc:wood/fallen_leaves/hickory":1,"tfc:wood/twig/douglas_fir":4,"tfc:sand/white":1,"tfc:plant/marigold":1,"tfc:plant/water_lily":6,"tfc:plant/green_algae":5,"tfc:pumpkin":1,"tfc:clay_grass/silty_loam":11,"tfc:plant/blackberry_bush":1},"minecraft:crafted":{"tfc:thatch":2,"tfc:stone/knife/igneous_extrusive":2,"tfc:firestarter":1,"tfc:stone/shovel/igneous_extrusive":1,"tfc:stone/javelin/igneous_extrusive":1,"tfc:stone/axe/igneous_extrusive":2},"minecraft:picked_up":{"tfc:rock/mossy_loose/dolomite":6,"tfc:plant/arundo":37,"tfc:food/tomato":12,"tfc:wood/twig/douglas_fir":10,"minecraft:chicken":1,"minecraft:clay_ball":130,"tfc:food/onion":2,"tfc:rock/gravel/conglomerate":2,"tfc:seeds/tomato":9,"tfc:rock/loose/dacite":27,"tfc:wood/twig/maple":9,"tfc:wood/log/hickory":11,"tfc:groundcover/seaweed":6,"tfc:wood/fallen_leaves/douglas_fir":3,"minecraft:string":12,"tfc:stone/knife/igneous_extrusive":2,"tfc:straw":16,"butchersdelight:deadchiken":1,"minecraft:bone":4,"tfc:wood/log/douglas_fir":26,"tfc:plant/field_horsetail":1,"tfc:food/beef":11,"tfc:dirt/silty_loam":2,"tfc:large_raw_hide":1,"tfc:plant/lotus":8,"tfc:rock/loose/conglomerate":11,"minecraft:stick":77,"tfc:plant/water_lily":3,"tfc:wood/twig/hickory":21,"tfc:wood/fallen_leaves/hickory":1,"tfc:firestarter":2,"alexsmobs:animal_dictionary":2,"tfc:ore/small_magnetite":3,"minecraft:spider_eye":7,"tfc:stone/axe/igneous_extrusive":1,"tfc:rock/mossy_loose/dacite":29,"minecraft:rotten_flesh":1,"tacz:modern_kinetic_gun":3,"tfc:stone/javelin/igneous_extrusive":2,"ars_nouveau:worn_notebook":1,"tfc:pumpkin":1,"tfc:rock/loose/dolomite":7,"tfc:rock/mossy_loose/conglomerate":19,"tfc:sand/white":1,"tfc:seeds/onion":3,"tfc:plant/morning_glory":1}},"DataVersion":3465}