{"stats":{"minecraft:dropped":{"minecraft:wheat_seeds":5,"minecraft:diamond_axe":1,"butchersdelight:sheephide":2,"mahoutsukai:mystic_code_first_sorcery":1,"minecraft:feather":4,"mcwwindows:cherry_blinds":1,"farmersdelight:melon_popsicle":1,"minecraft:mutton":2,"minecraft:wooden_axe":3,"alexsmobs:flying_fish":1,"minecraft:brown_wool":1,"delightful:acorn":1,"minecraft:sand":94,"minecraft:iron_axe":1,"farmersdelight:roast_chicken_block":1,"minecraft:white_wool":1,"delightful:deluxe_cheeseburger":1,"minecraft:bone":1,"farmersdelight:melon_juice":1,"minecraft:kelp":2,"minecraft:sugar_cane":23,"vs_clockwork:gravitron":1,"farmersdelight:hot_cocoa":1,"minecraft:chicken":1,"minecraft:rotten_flesh":1,"delightful:salmonberry_ice_cream":1,"farmersdelight:cyan_hanging_canvas_sign":1,"minecraft:gunpowder":2,"supplementaries:bubble_blower":1,"alexscaves:charred_remnant":1,"farmersdelight:ham":1,"supplementaries:candy":1},"minecraft:killed_by":{"alexscaves:brainiac":1},"minecraft:picked_up":{"delightful:blueberry_sack":1,"sophisticatedbackpacks:gold_backpack":1,"minecraft:allium":1,"minecraft:wheat":75,"minecraft:chicken":2,"ars_nouveau:jar_of_light":1,"create:wrench":1,"minecraft:enchanted_book":4,"ars_nouveau:void_jar":1,"alexscaves:azure_neodymium_ingot":1,"ars_nouveau:belt_of_levitation":1,"minecraft:string":2,"minecraft:iron_axe":1,"alexscaves:scarlet_neodymium_ingot":1,"farmersdelight:cabbage":1,"delightful:acorn":1,"minecraft:beef":2,"toolbelt:belt":1,"minecraft:sugar_cane":151,"create_new_age:heater":4,"farmersdelight:cabbage_seeds":14,"minecraft:iron_boots":1,"ars_nouveau:ring_of_greater_discount":1,"minecraft:torch":1,"minecraft:porkchop":4,"alexscaves:primordial_helmet":1,"create:hand_crank":1,"minecraft:carrot":70,"supplementaries:flax":1,"butchersdelight:deadsheep":2,"minecraft:rotten_flesh":1,"ars_nouveau:worn_notebook":1,"supplementaries:sconce":3,"ars_nouveau:apprentice_spell_book":3,"farmersdelight:rope":1,"minecraft:gold_ingot":1,"ars_nouveau:sourceberry_bush":76,"minecraft:mutton":3,"minecraft:white_wool":2,"alexsmobs:flying_fish":2,"vs_clockwork:wanderwand":4,"minecraft:feather":4,"another_furniture:cherry_shutter":1,"minecraft:brown_wool":1,"minecraft:leather":3,"minecraft:potato":49,"supplementaries:flax_seeds":1,"mahoutsukai:mystic_code_first_sorcery":2,"minecraft:gunpowder":3,"alexscaves:charred_remnant":2,"butchersdelight:rack":1,"ars_nouveau:amulet_of_mana_boost":1,"minecraft:dirt":0,"minecraft:glass":74,"minecraft:bone":2,"alexscaves:cloak_of_darkness":1,"minecraft:kelp":2,"minecraft:wheat_seeds":136,"farmersdelight:cyan_hanging_canvas_sign":2,"minecraft:iron_ingot":6,"create:goggles":1,"vs_clockwork:wing":1,"ars_nouveau:mob_jar":2,"mahoutsukai:spatial_disorientation_staff":1,"patchouli:guide_book":1,"mcwwindows:cherry_blinds":1,"butchersdelight:cow_hide":1,"minecraft:sand":104,"ars_nouveau:dominion_wand":2,"farmersdelight:ham":1,"butchersdelight:sheephide":3,"minecraft:lever":3,"alexscaves:hood_of_darkness":1,"supplementaries:bubble_blower":1,"minecraft:diamond_axe":2,"minecraft:baked_potato":40,"minecraft:coal":62},"minecraft:used":{"minecraft:oak_fence":3,"ars_nouveau:dominion_wand":20,"vs_clockwork:wing":60,"farmersdelight:cabbage":1,"butchersdelight:hook":1,"jeg:holy_shotgun":34,"supplementaries:sconce":3,"create:small_calcite_brick_wall":12,"create:fluid_tank":1,"create:mechanical_pump":2,"minecraft:anvil":2,"create:white_sail":22,"vs_clockwork:command_seat":1,"create:cogwheel":2,"alexscaves:glow_ink_bomb":3,"minecraft:allium":1,"minecraft:oak_wood":7,"minecraft:obsidian":1,"vs_clockwork:physics_infuser":5,"farmersdelight:rope":1,"create:wrench":2,"minecraft:spruce_wood":50,"minecraft:oak_stairs":46,"create:creative_motor":6,"supplementaries:candy":1,"mcwtrpdoors:cherry_tropical_trapdoor":9,"vs_clockwork:wanderwand":35,"createdieselgenerators:biodiesel_bucket":2,"create:shaft":7,"minecraft:gold_block":3,"create:fluid_pipe":3,"vs_clockwork:propeller_bearing":3,"alexscaves:quarry_smasher":1,"minecraft:dark_oak_stairs":14,"farmersdelight:cyan_hanging_canvas_sign":1,"create_connected:inverted_clutch":2,"minecraft:baked_potato":1,"minecraft:oak_planks":126,"createdieselgenerators:diesel_engine":4,"minecraft:sheep_spawn_egg":1,"minecraft:diamond_axe":3,"butchersdelight:skullcow":13,"minecraft:sand":86,"minecraft:oak_slab":62,"ars_nouveau:agronomic_sourcelink":1,"minecraft:campfire":1,"minecraft:oak_log":32,"minecraft:lever":4,"butchersdelight:roaster":1,"alexscaves:tesla_bulb":5,"create_connected:freewheel_clutch":3,"minecraft:stripped_oak_wood":1,"minecraft:bucket":2,"jeg:waterpipe_shotgun":32,"vs_clockwork:gyro":1,"create:hand_crank":2,"alexscaves:magnetic_light":1,"delightful:blueberry_sack":1,"butchersdelight:rack":2,"minecraft:smooth_stone":2,"ars_nouveau:mob_jar":4,"vs_clockwork:phys_bearing":23},"minecraft:custom":{"minecraft:interact_with_anvil":2,"minecraft:mob_kills":145,"minecraft:interact_with_campfire":1,"minecraft:damage_dealt_resisted":0,"minecraft:leave_game":3,"minecraft:time_since_death":176074,"minecraft:climb_one_cm":140,"minecraft:sprint_one_cm":100464,"minecraft:walk_one_cm":382039,"minecraft:drop":42,"minecraft:play_time":191453,"minecraft:deaths":1,"minecraft:sneak_time":5144,"minecraft:walk_under_water_one_cm":37106,"minecraft:jump":369,"minecraft:interact_with_brewingstand":1,"minecraft:walk_on_water_one_cm":29221,"minecraft:total_world_time":191453,"minecraft:time_since_rest":176127,"minecraft:damage_taken":570,"minecraft:damage_dealt":180,"minecraft:swim_one_cm":11168,"minecraft:fly_one_cm":777111,"minecraft:player_kills":1,"minecraft:open_chest":11,"minecraft:crouch_one_cm":2146,"minecraft:fall_one_cm":9179},"minecraft:crafted":{"aether:blue_berry":9},"minecraft:killed":{"minecraft:giant":1,"minecraft:spider":1,"minecraft:skeleton":3,"minecraft:bee":1,"alexsmobs:flying_fish":1,"minecraft:creeper":6,"minecraft:sheep":2,"minecraft:zombie":5,"alexsmobs:crow":1,"minecraft:enderman":1},"minecraft:mined":{"farmersdelight:cyan_wall_hanging_canvas_sign":1,"butchersdelight:rack":1,"minecraft:allium":1,"delightful:blueberry_sack":1,"farmersdelight:wild_cabbages":7,"minecraft:potatoes":1,"farmersdelight:rope":1,"supplementaries:sconce":2,"farmersdelight:sandy_shrub":2,"minecraft:wheat":6,"minecraft:birch_leaves":1,"minecraft:sand":7}},"DataVersion":3465}