{"stats":{"minecraft:used":{"tfc:rock/loose/dolomite":1,"minecraft:stick":9,"tfc:rock/loose/dacite":3,"tfc:firestarter":6},"minecraft:killed":{"minecraft:skeleton":1,"minecraft:zombie":1,"minecraft:spider":3,"minecraft:creeper":1},"minecraft:dropped":{"tacz:modern_kinetic_gun":3,"tfc:sand/white":1},"minecraft:custom":{"minecraft:time_since_rest":28502,"minecraft:damage_taken":96,"minecraft:sprint_one_cm":52949,"minecraft:walk_one_cm":70227,"minecraft:mob_kills":6,"minecraft:drop":4,"minecraft:damage_dealt":94,"minecraft:fly_one_cm":31071,"minecraft:play_time":28502,"minecraft:sneak_time":32,"minecraft:jump":61,"minecraft:walk_on_water_one_cm":1324,"minecraft:time_since_death":28502,"minecraft:total_world_time":28502,"minecraft:fall_one_cm":627},"minecraft:mined":{"tfc:wood/twig/hickory":8,"tfc:rock/loose/dolomite":3,"tfc:wood/leaves/maple":2,"tfc:wood/twig/maple":2,"tfc:rock/mossy_loose/dacite":2,"tfc:ore/small_magnetite":1,"tfc:groundcover/stick":15,"tfc:plant/field_horsetail":3,"tfc:plant/houstonia":2,"tfc:wild_crop/tomato":3,"tfc:plant/lily_of_the_valley":1,"tfc:rock/mossy_loose/conglomerate":3,"tfc:plant/tall_fescue_grass":23,"tfc:rock/mossy_loose/dolomite":3,"tfc:rock/loose/dacite":3,"tfc:plant/timothy_grass":9,"tfc:rock/loose/conglomerate":1,"tfc:plant/cattail":4,"tfc:plant/artists_conk":1,"tfc:wood/fallen_leaves/douglas_fir":1,"tfc:plant/switchgrass":19,"tfc:wood/twig/douglas_fir":4,"tfc:sand/white":1,"tfc:plant/sea_palm":1,"tfc:plant/scutch_grass":14,"tfc:plant/green_algae":4,"tfc:plant/arrowhead":2,"tfc:plant/dandelion":2,"tfc:plant/athyrium_fern":1,"tfc:wild_crop/onion":1,"tfc:plant/morning_glory":1},"minecraft:crafted":{"tfc:firestarter":1},"minecraft:picked_up":{"minecraft:stick":15,"tfc:rock/mossy_loose/dolomite":2,"tfc:food/tomato":6,"tfc:wood/twig/douglas_fir":4,"tfc:food/onion":2,"tfc:wood/twig/hickory":7,"tfc:seeds/tomato":3,"tfc:rock/loose/dacite":5,"tfc:wood/twig/maple":3,"tfc:wood/fallen_leaves/douglas_fir":1,"minecraft:spider_eye":2,"tfc:ore/small_magnetite":1,"minecraft:string":3,"tfc:rock/mossy_loose/dacite":2,"butchersdelight:deadchiken":1,"minecraft:rotten_flesh":1,"tacz:modern_kinetic_gun":3,"tfc:rock/loose/dolomite":3,"tfc:rock/loose/conglomerate":1,"tfc:rock/mossy_loose/conglomerate":5,"tfc:sand/white":1,"tfc:seeds/onion":1}},"DataVersion":3465}