{"stats":{"minecraft:custom":{"minecraft:jump":7,"minecraft:time_since_rest":4502,"minecraft:sprint_one_cm":197,"minecraft:play_time":4502,"minecraft:walk_on_water_one_cm":440,"minecraft:time_since_death":4502,"minecraft:walk_one_cm":5868,"minecraft:total_world_time":4502},"minecraft:mined":{"tfc:wood/twig/hickory":7,"tfc:rock/mossy_loose/dolomite":1,"tfc:plant/arrowhead":2,"tfc:plant/dandelion":2,"tfc:wood/leaves/maple":2,"tfc:groundcover/stick":12,"tfc:plant/cattail":4,"tfc:plant/artists_conk":1,"tfc:plant/scutch_grass":2},"minecraft:picked_up":{"tfc:rock/mossy_loose/dolomite":1,"minecraft:stick":12,"tfc:wood/twig/hickory":6}},"DataVersion":3465}