{"stats":{"minecraft:used":{"expanded_combat:iron_glaive":102,"vs_clockwork:wing":77,"farmersdelight:cabbage_seeds":6,"farmersdelight:stove":1,"minecraft:chest":1,"farmersdelight:cabbage":1,"butchersdelight:hook":2,"create:fluid_tank":1,"alexscaves:ambersol":2,"create:white_sail":22,"create:cogwheel":2,"vs_clockwork:command_seat":1,"alexscaves:glow_ink_bomb":3,"minecraft:allium":1,"minecraft:obsidian":1,"vs_clockwork:physics_infuser":5,"farmersdelight:roast_chicken":2,"minecraft:glass":2,"farmersdelight:tomato":2,"alexsmobs:lobster_tail":3,"minecraft:spruce_wood":50,"farmersdelight:rotten_tomato":1,"supplementaries:candy":1,"createdieselgenerators:biodiesel_bucket":2,"farmersdelight:cutting_board":1,"create:shaft":7,"supplementaries:ash":4,"ars_nouveau:sourceberry_bush":64,"minecraft:gold_block":3,"minecraft:egg":23,"minecraft:dark_oak_stairs":14,"farmersdelight:cyan_hanging_canvas_sign":1,"create_connected:inverted_clutch":2,"minecraft:oak_planks":142,"minecraft:diamond_axe":3,"butchersdelight:skullcow":15,"minecraft:sand":87,"farmersdelight:chicken_sandwich":1,"ars_nouveau:agronomic_sourcelink":1,"minecraft:black_bed":2,"minecraft:creeper_spawn_egg":5,"minecraft:lever":4,"minecraft:melon_slice":11,"minecraft:string":2,"butchersdelight:roaster":1,"minecraft:gravel":9,"alexscaves:tesla_bulb":5,"minecraft:stripped_oak_wood":1,"minecraft:andesite":1,"jeg:waterpipe_shotgun":32,"alexscaves:magnetic_light":1,"minecraft:oak_fence":3,"ars_nouveau:dominion_wand":20,"jeg:holy_shotgun":34,"supplementaries:sconce":3,"minecraft:netherrack":4,"create:small_calcite_brick_wall":12,"create:mechanical_pump":2,"minecraft:anvil":4,"ars_elemental:air_leggings":1,"minecraft:oak_wood":7,"farmersdelight:rope":1,"farmersdelight:beef_patty":2,"minecraft:stone_brick_slab":1,"minecraft:bookshelf":7,"create:wrench":10,"chunkloaders:ultimate_chunk_loader":1,"minecraft:oak_stairs":46,"mcwdoors:cherry_japanese2_door":1,"minecraft:spawner":2,"minecraft:iron_boots":1,"create:creative_motor":12,"mcwtrpdoors:cherry_tropical_trapdoor":9,"vs_clockwork:wanderwand":35,"expanded_combat:diamond_scythe":5,"minecraft:blaze_rod":1,"farmersdelight:cooking_pot":1,"create:fluid_pipe":3,"vs_clockwork:propeller_bearing":4,"farmersdelight:tomato_seeds":16,"mcwwindows:prismarine_brick_gothic":1,"farmersdelight:fried_egg":2,"alexscaves:quarry_smasher":1,"minecraft:cooked_mutton":1,"farmersdelight:skillet":3,"minecraft:baked_potato":1,"createdieselgenerators:diesel_engine":4,"minecraft:cherry_planks":8,"minecraft:sheep_spawn_egg":1,"minecraft:oak_slab":64,"minecraft:crafting_table":2,"minecraft:campfire":1,"minecraft:spruce_log":3,"minecraft:oak_log":32,"alexsmobs:flying_fish":1,"farmersdelight:hot_cocoa":1,"create:water_wheel":6,"create:large_water_wheel":2,"create_connected:freewheel_clutch":3,"minecraft:white_banner":1,"minecraft:bucket":3,"vs_clockwork:gyro":3,"create:hand_crank":2,"delightful:blueberry_sack":1,"butchersdelight:rack":2,"alexscaves:flytrap":3,"minecraft:smooth_stone":2,"ars_nouveau:mob_jar":4,"vs_clockwork:phys_bearing":24},"minecraft:crafted":{"minecraft:oak_planks":36,"minecraft:melon_slice":12,"minecraft:bricks":16,"farmersdelight:stove":1,"minecraft:wooden_shovel":1,"farmersdelight:iron_knife":1,"minecraft:wooden_pickaxe":1,"farmersdelight:chicken_sandwich":2,"minecraft:clock":1,"minecraft:campfire":1,"farmersdelight:bacon_and_eggs":1,"farmersdelight:cutting_board":1,"minecraft:iron_ingot":345,"ars_nouveau:annotated_codex":1,"minecraft:iron_block":52,"minecraft:gold_ingot":4,"minecraft:stone_button":1,"minecraft:bone_meal":93,"minecraft:sugar":4,"minecraft:firework_star":1,"minecraft:bone_block":5,"butchersdelight:hook":1,"minecraft:bowl":4,"farmersdelight:cooking_pot":1,"minecraft:bucket":1,"minecraft:air":0,"minecraft:bread":42,"expanded_combat:iron_glaive":1,"minecraft:white_dye":1,"farmersdelight:hot_cocoa":1,"aether:blue_berry":9},"minecraft:dropped":{"minecraft:diamond_axe":1,"ars_nouveau:earth_essence":1,"minecraft:iron_horse_armor":1,"jeg:scrap":4,"minecraft:rail":1,"alexscaves:ambersol":1,"minecraft:leather_helmet":1,"farmersdelight:beef_patty":4,"mcwwindows:cherry_blinds":1,"minecraft:mutton":2,"alexsmobs:flying_fish":1,"minecraft:chain":1,"minecraft:gold_nugget":8,"minecraft:bone_block":5,"minecraft:sand":251,"minecraft:white_wool":1,"jeg:tech_trash":4,"delightful:deluxe_cheeseburger":1,"minecraft:bone":12,"minecraft:gravel":9,"minecraft:sugar_cane":23,"ars_nouveau:apprentice_spell_book":1,"minecraft:cobbled_deepslate":1,"farmersdelight:hot_cocoa":2,"minecraft:rotten_flesh":18,"farmersdelight:cyan_hanging_canvas_sign":1,"minecraft:firework_star":1,"minecraft:leather_chestplate":1,"supplementaries:flax_seeds":4,"minecraft:gunpowder":13,"create:scoria":1,"minecraft:leather_boots":1,"apotheosis:gem":2,"minecraft:chest":2,"ars_nouveau:annotated_codex":1,"minecraft:chainmail_boots":3,"farmersdelight:bacon_and_eggs":1,"minecraft:arrow":4,"minecraft:stone_brick_stairs":8,"minecraft:netherrack":841,"minecraft:enchanted_book":1,"minecraft:wheat_seeds":9,"minecraft:deepslate_redstone_ore":4,"minecraft:tnt":2,"butchersdelight:sheephide":2,"farmersdelight:skillet":1,"mahoutsukai:mystic_code_first_sorcery":2,"minecraft:deepslate_diamond_ore":23,"minecraft:oak_fence":1,"minecraft:feather":4,"minecraft:coal":4,"butchersdelight:skullcow":1,"farmersdelight:melon_popsicle":1,"minecraft:nether_wart_block":1,"minecraft:wooden_axe":3,"minecraft:brown_wool":1,"minecraft:iron_leggings":1,"delightful:acorn":1,"minecraft:iron_axe":1,"farmersdelight:roast_chicken_block":1,"minecraft:chainmail_leggings":1,"minecraft:string":2,"minecraft:stone_brick_slab":1,"farmersdelight:melon_juice":1,"minecraft:kelp":2,"vs_clockwork:gravitron":1,"minecraft:deepslate":6,"minecraft:tuff":23,"minecraft:chicken":1,"minecraft:clay_ball":192,"delightful:salmonberry_ice_cream":1,"sophisticatedbackpacks:backpack":1,"farmersdelight:chicken_sandwich":1,"minecraft:lily_of_the_valley":1,"minecraft:filled_map":1,"minecraft:flower_pot":1,"minecraft:andesite":52,"minecraft:golden_sword":2,"supplementaries:bubble_blower":1,"minecraft:stone_bricks":3,"minecraft:sandstone":168,"sophisticatedbackpacks:copper_backpack":1,"alexscaves:charred_remnant":1,"farmersdelight:ham":1,"supplementaries:candy":1},"minecraft:killed":{"minecraft:cave_spider":1,"minecraft:zombified_piglin":18,"minecraft:spider":7,"minecraft:cod":7,"minecraft:skeleton":12,"minecraft:bee":2,"minecraft:magma_cube":2,"minecraft:creeper":15,"minecraft:sheep":3,"minecraft:pillager":1,"minecraft:zombie":26,"minecraft:stray":1,"minecraft:ghast":1,"minecraft:blaze":15,"alexscaves:vallumraptor":9,"alexsmobs:dropbear":1,"minecraft:giant":1,"alexsmobs:raccoon":2,"alexsmobs:seagull":1,"minecraft:drowned":2,"alexsmobs:underminer":1,"alexsmobs:flying_fish":2,"minecraft:bat":1,"alexsmobs:crow":1,"minecraft:wither_skeleton":8,"alexscaves:grottoceratops":1,"minecraft:enderman":1},"minecraft:custom":{"minecraft:interact_with_crafting_table":32,"minecraft:open_barrel":1,"minecraft:leave_game":12,"minecraft:time_since_death":67020,"minecraft:damage_resisted":0,"minecraft:sprint_one_cm":595167,"minecraft:drop":193,"minecraft:play_time":559703,"minecraft:deaths":8,"minecraft:jump":1475,"minecraft:interact_with_brewingstand":2,"minecraft:walk_on_water_one_cm":85900,"minecraft:interact_with_furnace":5,"minecraft:interact_with_loom":1,"minecraft:sleep_in_bed":1,"minecraft:damage_dealt":5306,"minecraft:player_kills":1,"minecraft:crouch_one_cm":5944,"minecraft:interact_with_smoker":1,"minecraft:interact_with_anvil":17,"minecraft:mob_kills":409,"minecraft:interact_with_campfire":1,"minecraft:damage_dealt_resisted":2,"minecraft:climb_one_cm":140,"minecraft:walk_one_cm":1414396,"minecraft:damage_dealt_absorbed":83,"minecraft:sneak_time":27688,"minecraft:walk_under_water_one_cm":210098,"minecraft:total_world_time":559703,"minecraft:time_since_rest":67053,"minecraft:damage_taken":8990,"minecraft:trigger_trapped_chest":1,"minecraft:swim_one_cm":37534,"minecraft:fly_one_cm":2343337,"minecraft:open_chest":156,"minecraft:fall_one_cm":80107},"minecraft:picked_up":{"minecraft:wheat":106,"alexscaves:tough_hide":1,"minecraft:chainmail_boots":3,"minecraft:flower_pot":1,"minecraft:lead":2,"create:wrench":1,"minecraft:enchanted_book":6,"ars_nouveau:void_jar":1,"minecraft:stone_brick_stairs":8,"alexscaves:azure_neodymium_ingot":1,"minecraft:golden_sword":2,"ars_nouveau:belt_of_levitation":1,"minecraft:string":7,"minecraft:raw_copper":16,"minecraft:iron_leggings":1,"farmersdelight:roast_chicken":1,"alexsmobs:dropbear_claw":2,"minecraft:gold_nugget":35,"minecraft:cobbled_deepslate":0,"minecraft:bucket":2,"farmersdelight:cabbage":7,"delightful:acorn":1,"toolbelt:belt":1,"vs_clockwork:wanderlite_crystal":10,"create_new_age:heater":4,"farmersdelight:cabbage_seeds":35,"alexscaves:flytrap":3,"minecraft:iron_boots":1,"minecraft:furnace":1,"apotheosis:gem":4,"ars_nouveau:ring_of_greater_discount":1,"farmersdelight:rotten_tomato":1,"minecraft:oak_fence":1,"minecraft:torch":1,"minecraft:porkchop":10,"minecraft:diorite":0,"farmersdelight:chicken_cuts":2,"supplementaries:flax":2,"minecraft:nether_gold_ore":20,"farmersdelight:fried_egg":10,"minecraft:rotten_flesh":20,"create:scoria":1,"ars_nouveau:worn_notebook":1,"ars_nouveau:apprentice_spell_book":3,"farmersdelight:rope":12,"minecraft:bookshelf":7,"ars_nouveau:whirlisprig_shards":1,"ars_nouveau:burst":1,"supplementaries:ash":5,"ars_nouveau:sourceberry_bush":172,"minecraft:blaze_rod":5,"alexsmobs:lobster_tail":3,"alexsmobs:flying_fish":3,"minecraft:cobblestone":0,"minecraft:leather_chestplate":1,"minecraft:feather":6,"minecraft:cherry_planks":8,"minecraft:andesite":53,"minecraft:brown_wool":1,"minecraft:potato":77,"farmersdelight:bacon":6,"butchersdelight:deadpig":1,"minecraft:tuff":23,"supplementaries:flax_seeds":6,"farmersdelight:cooked_bacon":6,"jeg:scrap":4,"minecraft:wither_skeleton_skull":2,"ars_nouveau:amulet_of_mana_boost":1,"farmersdelight:tomato":8,"minecraft:dirt":0,"minecraft:leather_boots":1,"minecraft:glass":74,"minecraft:bone":21,"minecraft:wheat_seeds":186,"minecraft:bow":1,"delightful:mini_melon":4,"ars_nouveau:source_gem":2,"create_new_age:magnetite_block":5,"create:goggles":1,"minecraft:bamboo":33,"minecraft:oak_planks":25,"minecraft:ghast_tear":1,"minecraft:cooked_porkchop":3,"patchouli:guide_book":1,"butchersdelight:skullcow":4,"mcwwindows:cherry_blinds":1,"butchersdelight:cow_hide":1,"minecraft:sand":262,"farmersdelight:ham":2,"ars_nouveau:annotated_codex":1,"minecraft:clay":16,"minecraft:deepslate":6,"minecraft:lever":3,"alexscaves:hood_of_darkness":1,"supplementaries:bubble_blower":1,"minecraft:bone_meal":4,"minecraft:golden_apple":1,"minecraft:emerald":1,"minecraft:netherrack":845,"minecraft:bricks":11,"delightful:blueberry_sack":1,"sophisticatedbackpacks:gold_backpack":1,"minecraft:crafting_table":2,"minecraft:allium":1,"minecraft:chicken":3,"minecraft:clay_ball":192,"mcwdoors:cherry_japanese2_door":1,"ars_nouveau:jar_of_light":1,"minecraft:wooden_pickaxe":1,"minecraft:chain":1,"minecraft:brick":68,"minecraft:iron_axe":1,"alexscaves:scarlet_neodymium_ingot":1,"alexscaves:dinosaur_chop":2,"farmersdelight:beef_patty":6,"minecraft:deepslate_diamond_ore":23,"minecraft:beef":2,"minecraft:iron_nugget":22,"minecraft:sugar_cane":151,"minecraft:chest":4,"minecraft:egg":15,"minecraft:sandstone":168,"farmersdelight:minced_beef":4,"sophisticatedbackpacks:backpack":2,"alexscaves:primordial_helmet":1,"minecraft:stone_button":1,"create:hand_crank":1,"minecraft:trident":1,"minecraft:carrot":104,"minecraft:redstone":1,"minecraft:iron_horse_armor":1,"minecraft:tnt":2,"minecraft:arrow":4,"butchersdelight:deadsheep":2,"farmersdelight:cooked_chicken_cuts":2,"minecraft:beetroot_seeds":2,"supplementaries:sconce":3,"minecraft:gold_ingot":2,"sophisticatedbackpacks:copper_backpack":2,"minecraft:mutton":3,"minecraft:rail":1,"minecraft:white_wool":2,"vs_clockwork:wanderwand":4,"minecraft:clock":1,"another_furniture:cherry_shutter":1,"minecraft:leather":3,"minecraft:filled_map":2,"minecraft:chainmail_chestplate":1,"minecraft:ancient_debris":1,"minecraft:nether_wart_block":1,"mahoutsukai:mystic_code_first_sorcery":3,"minecraft:gunpowder":16,"alexscaves:charred_remnant":2,"farmersdelight:skillet":3,"butchersdelight:rack":1,"alexscaves:ambersol":3,"minecraft:white_banner":1,"alexscaves:amber":5,"minecraft:spawner":4,"butchersdelight:deadchiken":1,"minecraft:cooked_mutton":1,"alexscaves:cloak_of_darkness":1,"minecraft:stone_bricks":6,"minecraft:kelp":2,"farmersdelight:cyan_hanging_canvas_sign":2,"minecraft:iron_ingot":9,"minecraft:iron_ore":7,"minecraft:cherry_sign":1,"minecraft:glass_bottle":1,"vs_clockwork:wing":1,"jeg:tech_trash":4,"ars_nouveau:mob_jar":2,"mahoutsukai:spatial_disorientation_staff":1,"minecraft:stone_brick_slab":2,"minecraft:quartz":4,"minecraft:gravel":18,"ars_nouveau:dominion_wand":2,"farmersdelight:cabbage_leaf":12,"minecraft:leather_helmet":1,"butchersdelight:sheephide":3,"minecraft:pumpkin_seeds":4,"ars_nouveau:glyph_grow":1,"minecraft:chainmail_leggings":1,"minecraft:deepslate_redstone_ore":4,"minecraft:diamond_axe":2,"minecraft:baked_potato":40,"minecraft:coal":82},"minecraft:killed_by":{"minecraft:blaze":1,"alexscaves:brainiac":1,"minecraft:player":1},"minecraft:mined":{"delightful:blueberry_sack":1,"ars_nouveau:sourceberry_bush":44,"supplementaries:blaze_rod":1,"minecraft:weeping_vines_plant":1,"minecraft:fire":5,"farmersdelight:sandy_shrub":2,"minecraft:nether_wart_block":1,"minecraft:wheat":6,"minecraft:grass":7,"delightful:mini_melon":4,"minecraft:sand":7,"farmersdelight:cyan_wall_hanging_canvas_sign":1,"minecraft:dark_oak_leaves":1,"butchersdelight:rack":1,"minecraft:allium":1,"farmersdelight:wild_cabbages":7,"minecraft:large_fern":1,"minecraft:carrots":6,"minecraft:potatoes":1,"farmersdelight:rope":1,"butchersdelight:skullcow":3,"minecraft:crafting_table":2,"alexscaves:flytrap":2,"minecraft:tall_grass":3,"supplementaries:sconce":2,"supplementaries:urn":3,"farmersdelight:skillet":2,"minecraft:birch_leaves":1,"ars_nouveau:mage_block":4}},"DataVersion":3465}