{"stats":{"minecraft:used":{"minecraft:oak_fence":3,"ars_nouveau:dominion_wand":20,"vs_clockwork:wing":77,"minecraft:chest":1,"farmersdelight:cabbage":1,"butchersdelight:hook":1,"jeg:holy_shotgun":34,"supplementaries:sconce":3,"create:small_calcite_brick_wall":12,"create:fluid_tank":1,"create:mechanical_pump":2,"minecraft:anvil":4,"ars_elemental:air_leggings":1,"create:white_sail":22,"create:cogwheel":2,"vs_clockwork:command_seat":1,"alexscaves:glow_ink_bomb":3,"minecraft:allium":1,"minecraft:oak_wood":7,"minecraft:obsidian":1,"vs_clockwork:physics_infuser":5,"farmersdelight:rope":1,"minecraft:glass":2,"minecraft:stone_brick_slab":1,"chunkloaders:ultimate_chunk_loader":1,"create:wrench":2,"minecraft:spruce_wood":50,"minecraft:oak_stairs":46,"create:creative_motor":12,"supplementaries:candy":1,"mcwtrpdoors:cherry_tropical_trapdoor":9,"vs_clockwork:wanderwand":35,"farmersdelight:cutting_board":1,"createdieselgenerators:biodiesel_bucket":2,"create:shaft":7,"supplementaries:ash":4,"minecraft:gold_block":3,"minecraft:egg":17,"create:fluid_pipe":3,"vs_clockwork:propeller_bearing":4,"alexscaves:quarry_smasher":1,"minecraft:dark_oak_stairs":14,"farmersdelight:cyan_hanging_canvas_sign":1,"create_connected:inverted_clutch":2,"minecraft:baked_potato":1,"minecraft:oak_planks":142,"createdieselgenerators:diesel_engine":4,"minecraft:cherry_planks":8,"minecraft:diamond_axe":3,"minecraft:sheep_spawn_egg":1,"butchersdelight:skullcow":15,"minecraft:sand":87,"minecraft:oak_slab":64,"minecraft:crafting_table":1,"ars_nouveau:agronomic_sourcelink":1,"minecraft:campfire":1,"minecraft:spruce_log":3,"minecraft:oak_log":32,"minecraft:lever":4,"minecraft:melon_slice":6,"minecraft:string":2,"butchersdelight:roaster":1,"minecraft:gravel":9,"alexscaves:tesla_bulb":5,"create_connected:freewheel_clutch":3,"minecraft:stripped_oak_wood":1,"minecraft:andesite":1,"minecraft:bucket":2,"create:hand_crank":2,"vs_clockwork:gyro":3,"jeg:waterpipe_shotgun":32,"alexscaves:magnetic_light":1,"delightful:blueberry_sack":1,"butchersdelight:rack":2,"alexscaves:flytrap":2,"minecraft:smooth_stone":2,"ars_nouveau:mob_jar":4,"vs_clockwork:phys_bearing":24},"minecraft:killed":{"minecraft:cave_spider":1,"minecraft:giant":1,"minecraft:spider":5,"minecraft:cod":1,"alexsmobs:seagull":1,"minecraft:skeleton":3,"minecraft:bee":1,"alexsmobs:underminer":1,"alexsmobs:flying_fish":1,"minecraft:bat":1,"minecraft:creeper":9,"minecraft:sheep":2,"minecraft:zombie":20,"minecraft:stray":1,"alexsmobs:crow":1,"minecraft:enderman":1},"minecraft:dropped":{"minecraft:wheat_seeds":5,"minecraft:diamond_axe":1,"butchersdelight:sheephide":2,"mahoutsukai:mystic_code_first_sorcery":2,"minecraft:deepslate_diamond_ore":22,"minecraft:oak_fence":1,"minecraft:feather":4,"jeg:scrap":4,"minecraft:iron_horse_armor":1,"minecraft:rail":1,"minecraft:coal":3,"minecraft:leather_helmet":1,"mcwwindows:cherry_blinds":1,"butchersdelight:skullcow":1,"farmersdelight:melon_popsicle":1,"minecraft:mutton":2,"minecraft:wooden_axe":3,"alexsmobs:flying_fish":1,"minecraft:brown_wool":1,"delightful:acorn":1,"minecraft:sand":251,"minecraft:iron_axe":1,"farmersdelight:roast_chicken_block":1,"minecraft:chainmail_leggings":1,"minecraft:string":2,"minecraft:white_wool":1,"jeg:tech_trash":4,"delightful:deluxe_cheeseburger":1,"minecraft:stone_brick_slab":1,"minecraft:bone":9,"minecraft:gravel":7,"farmersdelight:melon_juice":1,"minecraft:kelp":2,"minecraft:sugar_cane":23,"ars_nouveau:apprentice_spell_book":1,"vs_clockwork:gravitron":1,"minecraft:deepslate":3,"minecraft:tuff":23,"farmersdelight:hot_cocoa":1,"minecraft:chicken":1,"minecraft:rotten_flesh":4,"farmersdelight:cyan_hanging_canvas_sign":1,"delightful:salmonberry_ice_cream":1,"minecraft:filled_map":1,"minecraft:leather_chestplate":1,"supplementaries:flax_seeds":4,"minecraft:gunpowder":8,"minecraft:andesite":52,"minecraft:leather_boots":1,"minecraft:chest":2,"ars_nouveau:annotated_codex":1,"minecraft:chainmail_boots":3,"supplementaries:bubble_blower":1,"minecraft:stone_bricks":3,"minecraft:sandstone":168,"minecraft:arrow":1,"alexscaves:charred_remnant":1,"farmersdelight:ham":1,"minecraft:stone_brick_stairs":8,"supplementaries:candy":1},"minecraft:crafted":{"minecraft:oak_planks":36,"minecraft:melon_slice":12,"farmersdelight:cutting_board":1,"ars_nouveau:annotated_codex":1,"aether:blue_berry":9},"minecraft:mined":{"farmersdelight:cyan_wall_hanging_canvas_sign":1,"minecraft:dark_oak_leaves":1,"butchersdelight:rack":1,"minecraft:allium":1,"delightful:blueberry_sack":1,"farmersdelight:wild_cabbages":7,"minecraft:large_fern":1,"minecraft:potatoes":1,"farmersdelight:rope":1,"butchersdelight:skullcow":3,"minecraft:crafting_table":1,"alexscaves:flytrap":2,"supplementaries:sconce":2,"supplementaries:urn":3,"farmersdelight:sandy_shrub":2,"minecraft:wheat":6,"minecraft:birch_leaves":1,"delightful:mini_melon":4,"minecraft:sand":7},"minecraft:picked_up":{"delightful:blueberry_sack":1,"sophisticatedbackpacks:gold_backpack":1,"minecraft:crafting_table":1,"minecraft:wheat":76,"minecraft:allium":1,"minecraft:chainmail_boots":3,"minecraft:chicken":2,"ars_nouveau:jar_of_light":1,"create:wrench":1,"minecraft:enchanted_book":5,"ars_nouveau:void_jar":1,"minecraft:stone_brick_stairs":8,"alexscaves:azure_neodymium_ingot":1,"ars_nouveau:belt_of_levitation":1,"minecraft:string":7,"minecraft:raw_copper":16,"minecraft:iron_axe":1,"alexscaves:scarlet_neodymium_ingot":1,"minecraft:gold_nugget":23,"minecraft:cobbled_deepslate":0,"farmersdelight:cabbage":1,"delightful:acorn":1,"minecraft:deepslate_diamond_ore":22,"minecraft:beef":2,"minecraft:iron_nugget":22,"toolbelt:belt":1,"vs_clockwork:wanderlite_crystal":6,"minecraft:sugar_cane":151,"minecraft:chest":4,"create_new_age:heater":4,"farmersdelight:cabbage_seeds":22,"alexscaves:flytrap":2,"minecraft:iron_boots":1,"minecraft:egg":4,"minecraft:sandstone":168,"apotheosis:gem":1,"ars_nouveau:ring_of_greater_discount":1,"minecraft:oak_fence":1,"minecraft:torch":1,"minecraft:porkchop":4,"alexscaves:primordial_helmet":1,"create:hand_crank":1,"minecraft:diorite":0,"minecraft:carrot":70,"supplementaries:flax":1,"minecraft:iron_horse_armor":1,"minecraft:arrow":1,"butchersdelight:deadsheep":2,"minecraft:rotten_flesh":6,"minecraft:beetroot_seeds":2,"supplementaries:sconce":3,"ars_nouveau:worn_notebook":1,"ars_nouveau:apprentice_spell_book":3,"sophisticatedbackpacks:copper_backpack":1,"ars_nouveau:whirlisprig_shards":1,"farmersdelight:rope":12,"minecraft:gold_ingot":1,"supplementaries:ash":4,"ars_nouveau:sourceberry_bush":76,"minecraft:mutton":3,"minecraft:rail":1,"minecraft:white_wool":2,"alexsmobs:flying_fish":2,"minecraft:cobblestone":0,"minecraft:leather_chestplate":1,"vs_clockwork:wanderwand":4,"minecraft:feather":4,"minecraft:cherry_planks":8,"another_furniture:cherry_shutter":1,"minecraft:andesite":53,"minecraft:brown_wool":1,"minecraft:leather":3,"minecraft:potato":49,"minecraft:filled_map":2,"minecraft:tuff":23,"supplementaries:flax_seeds":5,"jeg:scrap":4,"mahoutsukai:mystic_code_first_sorcery":3,"minecraft:gunpowder":9,"alexscaves:charred_remnant":2,"alexscaves:ambersol":1,"butchersdelight:rack":1,"ars_nouveau:amulet_of_mana_boost":1,"minecraft:dirt":0,"alexscaves:amber":5,"minecraft:spawner":1,"minecraft:leather_boots":1,"minecraft:glass":74,"minecraft:bone":12,"alexscaves:cloak_of_darkness":1,"minecraft:stone_bricks":6,"ars_nouveau:source_gem":2,"minecraft:kelp":2,"minecraft:bow":1,"delightful:mini_melon":4,"minecraft:wheat_seeds":136,"create_new_age:magnetite_block":5,"farmersdelight:cyan_hanging_canvas_sign":2,"minecraft:iron_ingot":6,"minecraft:iron_ore":7,"create:goggles":1,"minecraft:cherry_sign":1,"jeg:tech_trash":4,"vs_clockwork:wing":1,"ars_nouveau:mob_jar":2,"mahoutsukai:spatial_disorientation_staff":1,"patchouli:guide_book":1,"minecraft:stone_brick_slab":2,"butchersdelight:skullcow":4,"mcwwindows:cherry_blinds":1,"minecraft:gravel":16,"butchersdelight:cow_hide":1,"minecraft:sand":262,"ars_nouveau:dominion_wand":2,"farmersdelight:ham":1,"minecraft:leather_helmet":1,"ars_nouveau:annotated_codex":1,"butchersdelight:sheephide":3,"minecraft:pumpkin_seeds":4,"minecraft:deepslate":3,"minecraft:lever":3,"minecraft:chainmail_leggings":1,"alexscaves:hood_of_darkness":1,"supplementaries:bubble_blower":1,"minecraft:diamond_axe":2,"minecraft:golden_apple":1,"minecraft:emerald":1,"minecraft:baked_potato":40,"minecraft:coal":71},"minecraft:custom":{"minecraft:interact_with_anvil":6,"minecraft:mob_kills":224,"minecraft:interact_with_crafting_table":2,"minecraft:open_barrel":1,"minecraft:interact_with_campfire":1,"minecraft:damage_dealt_resisted":0,"minecraft:leave_game":4,"minecraft:time_since_death":29550,"minecraft:climb_one_cm":140,"minecraft:damage_resisted":0,"minecraft:sprint_one_cm":149981,"minecraft:walk_one_cm":663690,"minecraft:drop":103,"minecraft:play_time":317795,"minecraft:deaths":3,"minecraft:sneak_time":14436,"minecraft:walk_under_water_one_cm":97284,"minecraft:jump":694,"minecraft:interact_with_brewingstand":1,"minecraft:total_world_time":317795,"minecraft:walk_on_water_one_cm":39853,"minecraft:interact_with_loom":1,"minecraft:time_since_rest":29580,"minecraft:damage_taken":2397,"minecraft:damage_dealt":269,"minecraft:player_kills":1,"minecraft:swim_one_cm":12340,"minecraft:fly_one_cm":1487193,"minecraft:open_chest":32,"minecraft:crouch_one_cm":4299,"minecraft:fall_one_cm":31822},"minecraft:killed_by":{"alexscaves:brainiac":1}},"DataVersion":3465}