{"stats":{"minecraft:killed_by":{"minecraft:spider":3,"minecraft:skeleton":1},"minecraft:used":{"tfc:rock/gravel/conglomerate":2,"tfc:groundcover/mollusk":1,"tfc:food/cooked_beef":3,"tfc:stone/javelin/igneous_extrusive":88,"minecraft:stick":10,"tfc:rock/loose/dacite":3,"tfc:wood/fallen_leaves/hickory":1,"tfc:stone/shovel/igneous_extrusive":67,"tfc:rock/loose/dolomite":1,"tfc:wattle/unstained":1,"tfc:bucket/blue_dye":5,"tfc:stone/axe/igneous_extrusive":43,"tfc:wood/twig/maple":1,"tfc:bucket/spring_water":1,"tfc:wattle":4,"tfc:stone/knife/igneous_extrusive":63,"tfc:thatch":2,"tfc:sand/white":4,"tfc:groundcover/driftwood":3,"tfc:wood/log/douglas_fir":55,"tfc:dirt/silty_loam":1,"tfc:wood/log/hickory":1,"tfc:torch":3,"minecraft:bucket":5,"tfc:firestarter":24,"tfc:groundcover/seaweed":4},"minecraft:killed":{"minecraft:spider":9,"minecraft:skeleton":1,"tfc:cow":1,"minecraft:creeper":1,"minecraft:zombie":1},"minecraft:dropped":{"tfc:plant/water_lily":3,"tfc:straw":4,"tfc:sand/white":1,"minecraft:stick":6,"tfc:plant/morning_glory":1,"tfc:wood/log/douglas_fir":1,"tacz:modern_kinetic_gun":3,"tfc:ore/small_magnetite":1,"tfc:daub":2,"tfc:food/cooked_grouse":1,"tfc:wood/log/hickory":7,"minecraft:chicken":1,"minecraft:rotten_flesh":3,"tfc:stone/javelin/igneous_extrusive":1,"tfc:dirt/silty_loam":1,"tfc:rock/loose/dacite":2,"tfc:wood/twig/maple":2,"tfc:plant/field_horsetail":1,"tfc:bucket/blue_dye":1,"minecraft:spider_eye":3,"tfc:groundcover/seaweed":12,"tfc:stone/axe_head/igneous_extrusive":1},"minecraft:broken":{"tfc:stone/shovel/igneous_extrusive":1,"tfc:stone/javelin/igneous_extrusive":1,"tfc:stone/knife/igneous_extrusive":1,"tfc:stone/axe/igneous_extrusive":2,"tfc:firestarter":1},"minecraft:custom":{"minecraft:mob_kills":13,"minecraft:time_since_death":16566,"minecraft:sprint_one_cm":113181,"minecraft:walk_one_cm":282553,"minecraft:drop":52,"minecraft:deaths":4,"minecraft:play_time":100502,"minecraft:sneak_time":745,"minecraft:walk_under_water_one_cm":16502,"minecraft:jump":255,"minecraft:walk_on_water_one_cm":13575,"minecraft:total_world_time":100502,"minecraft:time_since_rest":16598,"minecraft:damage_taken":1496,"minecraft:damage_dealt":979,"minecraft:swim_one_cm":3107,"minecraft:fly_one_cm":37634,"minecraft:crouch_one_cm":258,"minecraft:fall_one_cm":2313},"minecraft:mined":{"tfc:wood/twig/hickory":8,"tfc:plant/lotus":7,"tfc:plant/gooseberry_bush":2,"tfc:plant/houstonia":2,"tfc:wattle/black":1,"tfc:plant/lily_of_the_valley":2,"tfc:plant/tall_fescue_grass":54,"tfc:plant/sea_lavender":6,"tfc:rock/mossy_loose/dolomite":3,"tfc:dirt/silty_loam":3,"tfc:grass/silty_loam":5,"tfc:plant/licorice_fern":1,"tfc:wall_torch":3,"tfc:wood/leaves/maple":2,"tfc:plant/pickerelweed":1,"tfc:wood/twig/maple":2,"tfc:groundcover/stick":16,"tfc:plant/eel_grass":1,"tfc:rock/mossy_loose/conglomerate":3,"tfc:rock/loose/conglomerate":1,"tfc:plant/timothy_grass":27,"tfc:plant/cattail":12,"tfc:plant/artists_conk":1,"tfc:wood/fallen_leaves/douglas_fir":1,"tfc:plant/switchgrass":43,"tfc:wood/fallen_leaves/hickory":1,"tfc:firepit":1,"tfc:sand/white":6,"tfc:plant/water_lily":6,"tfc:plant/marigold":1,"tfc:wood/log/douglas_fir":6,"tfc:plant/green_algae":5,"tfc:pumpkin":1,"tfc:clay_grass/silty_loam":11,"tfc:plant/blackberry_bush":1,"tfc:rock/mossy_loose/dacite":3,"tfc:plant/field_horsetail":5,"tfc:plant/arundo_plant":36,"tfc:wood/log/hickory":1,"tfc:plant/beachgrass":5,"tfc:rock/gravel/conglomerate":2,"tfc:plant/sea_palm":2,"tfc:plant/scutch_grass":28,"tfc:plant/arrowhead":2,"tfc:plant/dandelion":3,"tfc:plant/athyrium_fern":5,"tfc:plant/arundo":4,"tfc:wild_crop/onion":1,"butchersdelight:deadchickenblock":1,"tfc:plant/morning_glory":7,"tfc:clay/silty_loam":46,"tfc:rock/loose/dolomite":3,"tfc:ore/small_magnetite":1,"tfc:plant/red_algae":1,"tfc:wild_crop/tomato":3,"tfc:plant/moss":2,"tfc:rock/loose/dacite":3,"tfc:wood/twig/douglas_fir":4},"minecraft:crafted":{"tfc:thatch":2,"tfc:stone/knife/igneous_extrusive":2,"tfc:wattle":6,"tfc:daub":4,"tfc:firestarter":2,"tfc:stone/shovel/igneous_extrusive":1,"tfc:stone/javelin/igneous_extrusive":1,"tfc:stone/axe/igneous_extrusive":3},"minecraft:picked_up":{"tfc:rock/mossy_loose/dolomite":6,"tfc:food/tomato":12,"minecraft:chicken":3,"minecraft:clay_ball":130,"tfc:rock/gravel/conglomerate":2,"tfc:seeds/tomato":9,"tfc:rock/loose/dacite":27,"tfc:wood/twig/maple":11,"tfc:groundcover/seaweed":15,"tfc:wood/log/hickory":11,"minecraft:string":13,"tfc:stone/knife/igneous_extrusive":2,"tfc:straw":16,"tfc:wood/log/douglas_fir":67,"tfc:food/beef":11,"tfc:dirt/silty_loam":4,"tfc:plant/lotus":8,"tfc:rock/loose/conglomerate":11,"tfc:powder/wood_ash":1,"minecraft:stick":77,"tfc:wood/twig/hickory":21,"tfc:plant/water_lily":3,"tfc:wood/fallen_leaves/hickory":1,"tfc:wattle":3,"tfc:stone/axe/igneous_extrusive":1,"tfc:rock/mossy_loose/dacite":29,"minecraft:rotten_flesh":4,"ars_nouveau:worn_notebook":1,"tfc:bucket/blue_dye":1,"tfc:torch":1,"tfc:rock/mossy_loose/conglomerate":19,"tfc:sand/white":5,"tfc:plant/morning_glory":1,"tfc:wood/twig/douglas_fir":10,"tfc:plant/arundo":37,"tfc:daub":2,"tfc:food/onion":2,"tfc:wood/fallen_leaves/douglas_fir":3,"butchersdelight:deadchiken":1,"minecraft:bone":4,"tfc:plant/field_horsetail":1,"tfc:large_raw_hide":1,"tfc:wattle/unstained":1,"tfc:firestarter":2,"tfc:ore/small_magnetite":3,"minecraft:spider_eye":7,"alexsmobs:animal_dictionary":2,"tfc:wattle/black":1,"tfc:stone/javelin/igneous_extrusive":3,"tacz:modern_kinetic_gun":3,"tfc:pumpkin":1,"tfc:rock/loose/dolomite":7,"tfc:seeds/onion":3}},"DataVersion":3465}