{"stats":{"minecraft:used":{"tfc:rock/loose/dolomite":1,"tfc:firestarter":6},"minecraft:custom":{"minecraft:time_since_rest":16502,"minecraft:damage_taken":96,"minecraft:sprint_one_cm":46360,"minecraft:walk_one_cm":31520,"minecraft:damage_dealt":94,"minecraft:fly_one_cm":26682,"minecraft:play_time":16502,"minecraft:sneak_time":8,"minecraft:jump":54,"minecraft:walk_on_water_one_cm":1324,"minecraft:time_since_death":16502,"minecraft:total_world_time":16502,"minecraft:fall_one_cm":627},"minecraft:mined":{"tfc:wood/twig/hickory":8,"tfc:rock/loose/dolomite":3,"tfc:wood/leaves/maple":2,"tfc:wood/twig/maple":2,"tfc:ore/small_magnetite":1,"tfc:groundcover/stick":13,"tfc:plant/field_horsetail":3,"tfc:plant/houstonia":2,"tfc:wild_crop/tomato":3,"tfc:plant/lily_of_the_valley":1,"tfc:rock/mossy_loose/conglomerate":3,"tfc:plant/tall_fescue_grass":23,"tfc:rock/mossy_loose/dolomite":3,"tfc:plant/timothy_grass":9,"tfc:rock/loose/conglomerate":1,"tfc:plant/cattail":4,"tfc:plant/artists_conk":1,"tfc:wood/fallen_leaves/douglas_fir":1,"tfc:plant/switchgrass":19,"tfc:wood/twig/douglas_fir":4,"tfc:plant/scutch_grass":14,"tfc:plant/green_algae":4,"tfc:plant/arrowhead":2,"tfc:plant/dandelion":2,"tfc:plant/athyrium_fern":1,"tfc:wild_crop/onion":1},"minecraft:crafted":{"tfc:firestarter":1},"minecraft:picked_up":{"minecraft:stick":13,"tfc:rock/mossy_loose/dolomite":2,"tfc:food/tomato":6,"tfc:wood/twig/douglas_fir":4,"tfc:food/onion":2,"tfc:wood/twig/hickory":7,"tfc:seeds/tomato":3,"tfc:wood/twig/maple":3,"tfc:wood/fallen_leaves/douglas_fir":1,"tfc:ore/small_magnetite":1,"minecraft:rotten_flesh":1,"tfc:rock/loose/dolomite":3,"tfc:rock/loose/conglomerate":1,"tfc:rock/mossy_loose/conglomerate":5,"tfc:seeds/onion":1}},"DataVersion":3465}