{"stats":{"minecraft:custom":{"minecraft:time_since_rest":5732,"minecraft:play_time":5732,"minecraft:sprint_one_cm":6008,"minecraft:walk_one_cm":10317,"minecraft:sneak_time":23,"minecraft:jump":55,"minecraft:time_since_death":5732,"minecraft:walk_on_water_one_cm":587,"minecraft:total_world_time":5732,"minecraft:fall_one_cm":894,"minecraft:fly_one_cm":3242},"minecraft:mined":{"tfc:wood/fallen_leaves/douglas_fir":3,"tfc:wood/twig/hickory":2,"tfc:groundcover/stick":1,"tfc:plant/scutch_grass":1,"tfc:plant/lily_of_the_valley":1,"tfc:plant/dandelion":1,"tfc:rock/mossy_loose/dolomite":1,"tfc:plant/morning_glory":2,"tfc:rock/loose/dolomite":1},"minecraft:picked_up":{"minecraft:stick":1,"tfc:rock/mossy_loose/dolomite":1,"tfc:wood/twig/hickory":2,"tfc:rock/loose/dolomite":1,"tfc:wood/fallen_leaves/douglas_fir":11}},"DataVersion":3465}