{"stats":{"minecraft:crafted":{"minecraft:cherry_planks":472,"mcwtrpdoors:cherry_ranch_trapdoor":28,"mcwtrpdoors:cherry_cottage_trapdoor":4,"minecraft:cherry_pressure_plate":54,"minecraft:iron_nugget":108,"minecraft:cherry_slab":258,"minecraft:chain":6,"minecraft:bone_meal":30,"minecraft:diamond_shovel":1,"another_furniture:cherry_shutter":28,"minecraft:lantern":13,"minecraft:cherry_stairs":108,"mcwtrpdoors:cherry_bamboo_trapdoor":49,"mcwtrpdoors:print_bamboo":128,"minecraft:diamond_axe":1,"minecraft:crafting_table":1,"minecraft:cooked_salmon":18,"minecraft:air":0,"minecraft:paper":144,"mcwtrpdoors:print_cottage":4,"minecraft:cherry_hanging_sign":12,"minecraft:torch":68},"minecraft:killed_by":{"minecraft:player":1,"alexscaves:vallumraptor":1},"minecraft:dropped":{"minecraft:oak_fence":2,"minecraft:cobblestone":52,"minecraft:mossy_stone_brick_stairs":3,"minecraft:cobblestone_stairs":17,"minecraft:dirt":2,"alexsmobs:flying_fish":1,"minecraft:chain":2,"minecraft:sand":1,"jeg:tech_trash":1,"minecraft:bucket":1,"minecraft:stone_brick_slab":2,"minecraft:gravel":6,"minecraft:tuff":14,"minecraft:mossy_stone_brick_slab":1,"minecraft:filled_map":2,"minecraft:gunpowder":8,"aether:iron_gloves":1,"minecraft:mossy_stone_bricks":7,"minecraft:chest":1,"minecraft:chainmail_boots":2,"supplementaries:bubble_blower":1,"minecraft:stripped_cherry_log":1,"minecraft:bamboo":28,"minecraft:sandstone":2,"alexscaves:primordial_helmet":3,"alexscaves:charred_remnant":1,"minecraft:stone_brick_stairs":4},"minecraft:custom":{"minecraft:mob_kills":22,"minecraft:animals_bred":8,"minecraft:interact_with_crafting_table":21,"minecraft:open_barrel":1,"minecraft:damage_dealt_resisted":0,"minecraft:leave_game":3,"minecraft:time_since_death":24944,"minecraft:damage_resisted":0,"minecraft:sprint_one_cm":533312,"minecraft:walk_one_cm":497437,"minecraft:drop":55,"minecraft:play_time":255246,"minecraft:deaths":2,"minecraft:sneak_time":14588,"minecraft:walk_under_water_one_cm":87692,"minecraft:jump":1698,"minecraft:interact_with_brewingstand":3,"minecraft:walk_on_water_one_cm":79498,"minecraft:total_world_time":255246,"minecraft:play_record":2,"minecraft:time_since_rest":24987,"minecraft:damage_taken":12859,"minecraft:damage_absorbed":40,"minecraft:damage_dealt":4796,"minecraft:swim_one_cm":234875,"minecraft:fly_one_cm":1522270,"minecraft:open_chest":151,"minecraft:crouch_one_cm":12597,"minecraft:interact_with_smoker":1,"minecraft:fall_one_cm":56832},"minecraft:mined":{"decorative_blocks:cherry_palisade":1,"minecraft:oak_sapling":3,"minecraft:deepslate_diamond_ore":6,"minecraft:mossy_cobblestone":3,"farmersdelight:roast_chicken_block":1,"minecraft:candle":1,"minecraft:cherry_log":36,"minecraft:cobblestone_stairs":20,"minecraft:cherry_sapling":2,"minecraft:spruce_trapdoor":3,"butchersdelight:deadsheepblock":1,"minecraft:grass_block":8,"mcwtrpdoors:cherry_ranch_trapdoor":4,"minecraft:sandstone":37,"minecraft:spawner":1,"minecraft:spruce_sapling":1,"minecraft:carrots":4,"another_furniture:cherry_shutter":4,"minecraft:potatoes":18,"minecraft:lantern":8,"alexscaves:ambersol":1,"minecraft:bamboo_sapling":4,"butchersdelight:skullcow":6,"minecraft:bamboo":8,"minecraft:stone":2,"minecraft:glass_pane":1,"minecraft:cherry_planks":5,"mcwtrpdoors:cherry_cottage_trapdoor":2,"minecraft:oak_fence":1,"minecraft:torch":2,"minecraft:oak_wood":6,"minecraft:cobblestone":16,"minecraft:sugar_cane":4,"minecraft:wall_torch":1,"minecraft:cherry_slab":55,"supplementaries:urn":9,"mcwtrpdoors:cherry_bamboo_trapdoor":4,"minecraft:purple_bed":1,"minecraft:powered_rail":4,"minecraft:wheat":14,"minecraft:spruce_log":16,"minecraft:yellow_bed":1,"minecraft:grass":13,"minecraft:cherry_leaves":71,"minecraft:gravel":10,"minecraft:sand":269,"minecraft:cobweb":2,"minecraft:deepslate":1,"minecraft:oak_leaves":5},"minecraft:broken":{"minecraft:iron_axe":2},"minecraft:killed":{"minecraft:cave_spider":3,"alexscaves:brainiac":1,"minecraft:spider":7,"minecraft:skeleton":5,"alexsmobs:skelewag":1,"alexsmobs:flying_fish":2,"minecraft:zombie":1,"alexscaves:vallumraptor":1},"minecraft:used":{"minecraft:flint_and_steel":4,"createdeco:long_pearl_bricks":6,"minecraft:cooked_salmon":12,"farmersdelight:melon_juice":1,"minecraft:torch":67,"minecraft:dirt":113,"alexscaves:ambersol":1,"minecraft:carrot":1,"mcwtrpdoors:cherry_cottage_trapdoor":2,"mcwtrpdoors:cherry_bamboo_trapdoor":48,"minecraft:grass_block":50,"minecraft:lantern":18,"minecraft:iron_axe":162,"minecraft:cherry_slab":272,"farmersdelight:melon_popsicle":1,"minecraft:cherry_leaves":54,"supplementaries:candy":1,"minecraft:bamboo":16,"expanded_combat:diamond_scythe":297,"minecraft:bow":5,"minecraft:egg":1,"minecraft:potato":2,"minecraft:cobbled_deepslate":32,"minecraft:cherry_fence":4,"minecraft:cherry_log":100,"farmersdelight:roast_chicken_block":2,"minecraft:water_bucket":9,"minecraft:cobblestone_stairs":2,"alexsmobs:music_disc_daze":1,"minecraft:baked_potato":20,"minecraft:sandstone":1,"minecraft:cherry_planks":5,"aether:holystone_bricks":3,"minecraft:diamond_axe":27,"butchersdelight:skullcow":6,"minecraft:golden_apple":1,"minecraft:sand":186,"minecraft:crafting_table":1,"minecraft:painting":4,"minecraft:shears":66,"decorative_blocks:cherry_palisade":5,"farmersdelight:hot_cocoa":1,"minecraft:diamond_pickaxe":105,"minecraft:cherry_hanging_sign":12,"minecraft:diamond_shovel":246,"mcwtrpdoors:cherry_ranch_trapdoor":30,"another_furniture:cherry_shutter":18,"minecraft:cobblestone":1,"alexsmobs:music_disc_thime":1,"minecraft:cherry_stairs":1,"minecraft:bucket":5,"minecraft:jukebox":1,"minecraft:bone_meal":30,"minecraft:candle":5,"delightful:acorn":1,"delightful:deluxe_cheeseburger":1},"minecraft:picked_up":{"minecraft:wooden_axe":1,"minecraft:wheat":87,"minecraft:chainmail_boots":2,"minecraft:chest_minecart":1,"minecraft:brown_mushroom":1,"aether:iron_gloves":1,"minecraft:enchanted_book":1,"minecraft:potion":2,"minecraft:stripped_cherry_log":11,"minecraft:stone_brick_stairs":4,"mcwtrpdoors:cherry_ranch_trapdoor":4,"minecraft:chain":2,"ars_nouveau:amplify_arrow":19,"minecraft:string":13,"decorative_blocks:cherry_palisade":1,"supplementaries:bomb":1,"minecraft:gold_nugget":34,"minecraft:detector_rail":4,"minecraft:candle":1,"minecraft:cobbled_deepslate":86,"minecraft:bucket":2,"delightful:acorn":6,"mcwtrpdoors:cherry_bamboo_trapdoor":4,"minecraft:iron_nugget":11,"vs_clockwork:wanderlite_crystal":1,"minecraft:chest":1,"minecraft:sugar_cane":2,"delightful:green_tea_leaf":8,"farmersdelight:cabbage_seeds":3,"minecraft:spruce_trapdoor":3,"minecraft:phantom_membrane":1,"minecraft:egg":1,"minecraft:sandstone":158,"minecraft:stick":63,"apotheosis:gem":1,"minecraft:oak_fence":3,"minecraft:torch":6,"farmersdelight:tomato_seeds":5,"alexscaves:primordial_helmet":3,"minecraft:cherry_log":210,"minecraft:diorite":4,"minecraft:carrot":106,"delightful:salmonberry_ice_cream":1,"supplementaries:flax":2,"farmersdelight:melon_popsicle":1,"minecraft:arrow":5,"butchersdelight:deadsheep":1,"minecraft:rotten_flesh":12,"minecraft:beetroot_seeds":4,"ars_nouveau:apprentice_spell_book":1,"mcwtrpdoors:cherry_cottage_trapdoor":1,"farmersdelight:rope":21,"minecraft:saddle":1,"supplementaries:ash":11,"minecraft:glow_berries":7,"farmersdelight:melon_juice":1,"minecraft:mutton":1,"minecraft:rail":9,"alexsmobs:flying_fish":6,"minecraft:cobblestone":133,"minecraft:birch_log":4,"minecraft:andesite":6,"minecraft:cherry_planks":5,"minecraft:cherry_leaves":59,"supplementaries:candy":1,"another_furniture:cherry_shutter":3,"minecraft:potato":200,"minecraft:filled_map":2,"minecraft:tuff":14,"minecraft:oak_log":38,"farmersdelight:roast_chicken_block":2,"supplementaries:flax_seeds":3,"jeg:scrap":4,"minecraft:yellow_bed":1,"minecraft:gunpowder":8,"minecraft:cobblestone_stairs":19,"alexscaves:charred_remnant":1,"alexscaves:ambersol":1,"minecraft:dirt":6,"minecraft:lantern":8,"minecraft:name_tag":3,"minecraft:leather_boots":1,"minecraft:bone":17,"minecraft:apple":4,"ars_nouveau:source_gem":1,"minecraft:wheat_seeds":151,"minecraft:iron_ingot":5,"minecraft:mossy_stone_bricks":7,"jeg:tech_trash":1,"minecraft:bamboo":100,"minecraft:powered_rail":4,"minecraft:mossy_stone_brick_stairs":3,"farmersdelight:hot_cocoa":1,"alexsmobs:music_disc_daze":1,"minecraft:stone_brick_slab":2,"minecraft:gravel":6,"minecraft:poisonous_potato":4,"butchersdelight:skullcow":6,"minecraft:sand":266,"minecraft:spruce_sapling":10,"minecraft:grass_block":1,"minecraft:spruce_log":35,"minecraft:mossy_stone_brick_slab":1,"ars_nouveau:wilden_horn":5,"minecraft:spider_eye":4,"minecraft:mossy_cobblestone":3,"delightful:deluxe_cheeseburger":1,"minecraft:oak_wood":6,"butchersdelight:sheephide":1,"minecraft:pumpkin_seeds":5,"minecraft:diamond":6,"minecraft:purple_bed":1,"minecraft:slime_ball":1,"minecraft:chainmail_leggings":1,"supplementaries:bubble_blower":1,"minecraft:bone_meal":1,"minecraft:painting":3,"minecraft:cherry_sapling":92,"minecraft:emerald":5,"minecraft:stripped_dark_oak_log":10,"minecraft:melon_seeds":2,"minecraft:oak_sapling":20,"minecraft:cherry_slab":62,"minecraft:coal":1}},"DataVersion":3465}