{"stats":{"minecraft:killed_by":{"minecraft:spider":1},"minecraft:used":{"alexsmobs:animal_dictionary":1,"tfc:food/squash":1},"minecraft:killed":{"minecraft:zombie":1,"minecraft:spider":2,"tfc:grouse":1,"minecraft:creeper":1},"minecraft:dropped":{"tacz:ammo":1,"tacz:modern_kinetic_gun":7,"tfc:sand/white":1,"tacz:attachment":4},"minecraft:custom":{"minecraft:time_since_rest":14483,"minecraft:sprint_one_cm":63334,"minecraft:damage_taken":286,"minecraft:walk_one_cm":77622,"minecraft:mob_kills":5,"minecraft:drop":13,"minecraft:damage_dealt":113,"minecraft:swim_one_cm":8618,"minecraft:fly_one_cm":108179,"minecraft:crouch_one_cm":147,"minecraft:play_time":28267,"minecraft:deaths":1,"minecraft:sneak_time":127,"minecraft:walk_under_water_one_cm":2519,"minecraft:jump":214,"minecraft:leave_game":1,"minecraft:walk_on_water_one_cm":2668,"minecraft:time_since_death":14438,"minecraft:total_world_time":28267,"minecraft:fall_one_cm":2475},"minecraft:mined":{"tfc:rock/loose/dolomite":1,"tfc:wood/twig/hickory":2,"tfc:wood/twig/maple":3,"tfc:plant/heather":2,"tfc:groundcover/stick":4,"tfc:plant/blueberry_bush":3,"tfc:plant/field_horsetail":8,"tfc:plant/tulip_orange":4,"tfc:plant/moss":11,"tfc:plant/arundo_plant":4,"tfc:plant/lily_of_the_valley":1,"tfc:plant/lady_fern":6,"tfc:rock/mossy_loose/dolomite":2,"tfc:plant/tall_fescue_grass":64,"tfc:rock/loose/conglomerate":1,"tfc:plant/timothy_grass":39,"tfc:grass/silty_loam":1,"tfc:plant/artists_conk":2,"tfc:melon":3,"tfc:wood/fallen_leaves/douglas_fir":3,"tfc:plant/switchgrass":43,"tfc:wild_crop/oat":5,"tfc:wood/fallen_leaves/hickory":3,"tfc:wood/twig/douglas_fir":1,"tfc:sand/white":1,"tfc:plant/scutch_grass":63,"tfc:plant/dandelion":11,"tfc:plant/athyrium_fern":4,"tfc:plant/arundo":1,"tfc:wild_crop/squash":3,"tfc:plant/morning_glory":4},"minecraft:picked_up":{"minecraft:stick":20,"tfc:rock/mossy_loose/dolomite":4,"tfc:plant/arundo":8,"minecraft:feather":10,"tfc:wood/twig/douglas_fir":4,"tfc:wood/twig/hickory":4,"tfc:wood/fallen_leaves/hickory":20,"tfc:wood/twig/maple":2,"minecraft:spider_eye":1,"minecraft:gunpowder":2,"tfc:wood/fallen_leaves/douglas_fir":11,"minecraft:string":3,"alexsmobs:animal_dictionary":1,"tfc:melon":6,"tfc:food/oat":20,"tfc:food/squash":15,"tfc:seeds/oat":10,"minecraft:bone":4,"tacz:modern_kinetic_gun":2,"ars_nouveau:worn_notebook":1,"tfc:dirt/silty_loam":2,"tfc:rock/loose/dolomite":6,"tfc:rock/loose/conglomerate":4,"tfc:food/grouse":6,"tfc:sand/white":1,"tfc:seeds/squash":6}},"DataVersion":3465}