{"stats":{"minecraft:dropped":{"minecraft:cobblestone_stairs":17,"minecraft:dirt":2,"alexsmobs:flying_fish":1,"minecraft:chain":2,"minecraft:sand":1,"supplementaries:bubble_blower":1,"minecraft:stripped_cherry_log":1,"minecraft:bamboo":28,"alexscaves:primordial_helmet":3,"alexscaves:charred_remnant":1},"minecraft:killed_by":{"minecraft:player":1},"minecraft:picked_up":{"minecraft:wooden_axe":1,"minecraft:wheat":87,"minecraft:brown_mushroom":1,"minecraft:stripped_cherry_log":11,"mcwtrpdoors:cherry_ranch_trapdoor":4,"minecraft:chain":2,"minecraft:string":4,"decorative_blocks:cherry_palisade":1,"minecraft:candle":1,"delightful:acorn":6,"mcwtrpdoors:cherry_bamboo_trapdoor":4,"delightful:green_tea_leaf":7,"minecraft:sugar_cane":2,"minecraft:spruce_trapdoor":3,"minecraft:phantom_membrane":1,"minecraft:stick":56,"apotheosis:gem":1,"minecraft:oak_fence":1,"minecraft:torch":3,"alexscaves:primordial_helmet":3,"minecraft:cherry_log":198,"minecraft:carrot":104,"delightful:salmonberry_ice_cream":1,"supplementaries:flax":2,"farmersdelight:melon_popsicle":1,"minecraft:arrow":4,"butchersdelight:deadsheep":1,"minecraft:rotten_flesh":2,"mcwtrpdoors:cherry_cottage_trapdoor":1,"farmersdelight:melon_juice":1,"minecraft:mutton":1,"alexsmobs:flying_fish":4,"minecraft:cobblestone":16,"minecraft:birch_log":4,"minecraft:cherry_planks":5,"minecraft:cherry_leaves":59,"supplementaries:candy":1,"another_furniture:cherry_shutter":3,"minecraft:potato":200,"minecraft:oak_log":38,"farmersdelight:roast_chicken_block":2,"supplementaries:flax_seeds":3,"minecraft:cobblestone_stairs":19,"alexscaves:charred_remnant":1,"minecraft:dirt":4,"minecraft:lantern":8,"minecraft:bone":4,"minecraft:apple":4,"minecraft:wheat_seeds":151,"minecraft:bamboo":81,"alexsmobs:music_disc_daze":1,"farmersdelight:hot_cocoa":1,"minecraft:poisonous_potato":4,"butchersdelight:skullcow":6,"minecraft:sand":174,"minecraft:spruce_sapling":10,"minecraft:grass_block":1,"minecraft:spruce_log":35,"minecraft:spider_eye":1,"minecraft:mossy_cobblestone":3,"delightful:deluxe_cheeseburger":1,"minecraft:oak_wood":6,"butchersdelight:sheephide":1,"supplementaries:bubble_blower":1,"minecraft:painting":3,"minecraft:cherry_sapling":78,"minecraft:oak_sapling":20,"minecraft:cherry_slab":62},"minecraft:broken":{"minecraft:iron_axe":2},"minecraft:used":{"minecraft:flint_and_steel":4,"createdeco:long_pearl_bricks":6,"farmersdelight:melon_juice":1,"minecraft:torch":64,"minecraft:dirt":113,"mcwtrpdoors:cherry_cottage_trapdoor":2,"minecraft:grass_block":50,"minecraft:iron_axe":162,"minecraft:lantern":18,"mcwtrpdoors:cherry_bamboo_trapdoor":48,"minecraft:cherry_slab":272,"farmersdelight:melon_popsicle":1,"minecraft:cherry_leaves":54,"supplementaries:candy":1,"minecraft:bamboo":15,"expanded_combat:diamond_scythe":145,"minecraft:bow":5,"minecraft:potato":2,"minecraft:cherry_fence":4,"minecraft:cherry_log":100,"farmersdelight:roast_chicken_block":2,"minecraft:water_bucket":9,"alexsmobs:music_disc_daze":1,"minecraft:baked_potato":19,"minecraft:cherry_planks":5,"aether:holystone_bricks":3,"minecraft:diamond_axe":22,"butchersdelight:skullcow":6,"minecraft:sand":186,"minecraft:crafting_table":1,"minecraft:painting":4,"minecraft:shears":66,"decorative_blocks:cherry_palisade":5,"farmersdelight:hot_cocoa":1,"minecraft:diamond_pickaxe":51,"minecraft:cherry_hanging_sign":12,"minecraft:diamond_shovel":146,"mcwtrpdoors:cherry_ranch_trapdoor":30,"another_furniture:cherry_shutter":18,"alexsmobs:music_disc_thime":1,"minecraft:cherry_stairs":1,"minecraft:bucket":5,"minecraft:jukebox":1,"minecraft:bone_meal":30,"minecraft:candle":5,"delightful:acorn":1,"delightful:deluxe_cheeseburger":1},"minecraft:custom":{"minecraft:mob_kills":14,"minecraft:animals_bred":4,"minecraft:interact_with_crafting_table":21,"minecraft:damage_dealt_resisted":0,"minecraft:time_since_death":58462,"minecraft:sprint_one_cm":353039,"minecraft:walk_one_cm":349807,"minecraft:drop":33,"minecraft:play_time":176622,"minecraft:deaths":1,"minecraft:sneak_time":5609,"minecraft:walk_under_water_one_cm":50713,"minecraft:jump":1072,"minecraft:interact_with_brewingstand":2,"minecraft:walk_on_water_one_cm":57165,"minecraft:total_world_time":176622,"minecraft:play_record":2,"minecraft:time_since_rest":58524,"minecraft:damage_taken":10989,"minecraft:damage_dealt":2692,"minecraft:swim_one_cm":143423,"minecraft:fly_one_cm":869890,"minecraft:open_chest":125,"minecraft:crouch_one_cm":11159,"minecraft:interact_with_smoker":1,"minecraft:fall_one_cm":28025},"minecraft:crafted":{"minecraft:cherry_planks":472,"mcwtrpdoors:cherry_ranch_trapdoor":28,"mcwtrpdoors:cherry_cottage_trapdoor":4,"minecraft:cherry_pressure_plate":54,"minecraft:iron_nugget":108,"minecraft:cherry_slab":258,"minecraft:chain":6,"minecraft:bone_meal":30,"minecraft:diamond_shovel":1,"another_furniture:cherry_shutter":28,"minecraft:lantern":13,"minecraft:cherry_stairs":108,"mcwtrpdoors:cherry_bamboo_trapdoor":49,"mcwtrpdoors:print_bamboo":128,"minecraft:diamond_axe":1,"minecraft:crafting_table":1,"minecraft:cooked_salmon":18,"minecraft:air":0,"minecraft:paper":144,"mcwtrpdoors:print_cottage":4,"minecraft:cherry_hanging_sign":12,"minecraft:torch":68},"minecraft:killed":{"alexscaves:brainiac":1,"minecraft:spider":6,"minecraft:skeleton":3,"alexsmobs:skelewag":1,"alexsmobs:flying_fish":1,"minecraft:zombie":1},"minecraft:mined":{"decorative_blocks:cherry_palisade":1,"minecraft:oak_sapling":3,"minecraft:mossy_cobblestone":3,"farmersdelight:roast_chicken_block":1,"minecraft:candle":1,"minecraft:cobblestone_stairs":20,"minecraft:cherry_log":36,"minecraft:cherry_sapling":2,"minecraft:spruce_trapdoor":3,"butchersdelight:deadsheepblock":1,"minecraft:grass_block":8,"mcwtrpdoors:cherry_ranch_trapdoor":4,"minecraft:spruce_sapling":1,"minecraft:carrots":3,"another_furniture:cherry_shutter":4,"minecraft:potatoes":18,"minecraft:lantern":8,"minecraft:bamboo_sapling":4,"butchersdelight:skullcow":6,"minecraft:bamboo":7,"minecraft:stone":1,"minecraft:glass_pane":1,"minecraft:cherry_planks":5,"mcwtrpdoors:cherry_cottage_trapdoor":2,"minecraft:oak_fence":1,"minecraft:torch":2,"minecraft:oak_wood":6,"minecraft:cobblestone":16,"minecraft:sugar_cane":4,"minecraft:cherry_slab":55,"mcwtrpdoors:cherry_bamboo_trapdoor":4,"minecraft:wheat":11,"minecraft:spruce_log":16,"minecraft:grass":13,"minecraft:cherry_leaves":70,"minecraft:sand":180,"minecraft:oak_leaves":5}},"DataVersion":3465}