{"stats":{"minecraft:used":{"mcwfurnitures:stripped_cherry_double_drawer":8,"minecraft:smooth_quartz_slab":3,"supplementaries:present_cyan":1,"farmersdelight:melon_juice":1,"mcwwindows:cherry_blinds":13,"another_furniture:cherry_drawer":6,"apotheosis:stoneshelf":8,"alexscaves:ambersol":2,"minecraft:carrot":1,"supplementaries:planter":3,"mcwfurnitures:stripped_cherry_lower_triple_drawer":3,"another_furniture:warped_flower_box":10,"mcwtrpdoors:cherry_cottage_trapdoor":2,"another_furniture:white_sofa":5,"minecraft:lantern":18,"minecraft:grass_block":50,"minecraft:panda_spawn_egg":1,"farmersdelight:melon_popsicle":1,"minecraft:cherry_leaves":54,"supplementaries:candle_holder_pink":12,"supplementaries:goblet":3,"supplementaries:candy":1,"minecraft:bow":5,"create:mechanical_piston":4,"ars_nouveau:mage_block":1,"mcwfurnitures:stripped_birch_glass_table":14,"minecraft:egg":1,"minecraft:potato":2,"mcwwindows:stripped_cherry_log_window":6,"aether_redux:fieldsproot_bookshelf":8,"minecraft:gray_carpet":9,"alexsmobs:music_disc_daze":1,"supplementaries:notice_board":1,"mcwfurnitures:stripped_oak_double_wardrobe":1,"minecraft:sandstone":1,"minecraft:diamond_axe":30,"mcwfurnitures:stripped_cherry_glass_table":1,"minecraft:smooth_quartz_stairs":11,"minecraft:bamboo_stairs":6,"butchersdelight:skullcow":6,"minecraft:golden_apple":1,"another_furniture:cherry_flower_box":16,"minecraft:sand":223,"farmersdelight:chicken_sandwich":1,"minecraft:loom":1,"minecraft:shears":66,"decorative_blocks:cherry_palisade":5,"mcwfurnitures:stripped_cherry_double_wardrobe":1,"minecraft:redstone_torch":16,"minecraft:sticky_piston":5,"minecraft:cherry_hanging_sign":12,"supplementaries:clock_block":2,"mcwfurnitures:stripped_oak_wardrobe":4,"mcwtrpdoors:cherry_ranch_trapdoor":30,"another_furniture:cherry_shutter":18,"supplementaries:checker_block":61,"mcwdoors:cherry_western_door":6,"minecraft:bone_meal":30,"delightful:acorn":1,"delightful:deluxe_cheeseburger":1,"alexsmobs:rainbow_glass":8,"minecraft:flint_and_steel":4,"supplementaries:trapped_present_light_blue":1,"createdeco:long_pearl_bricks":6,"minecraft:cooked_salmon":15,"another_furniture:white_stool":1,"supplementaries:sconce":2,"minecraft:torch":67,"mcwdoors:warped_japanese2_door":2,"minecraft:dirt":113,"minecraft:anvil":1,"minecraft:white_carpet":23,"supplementaries:faucet":1,"mcwfurnitures:stripped_warped_chair":8,"mcwtrpdoors:cherry_bamboo_trapdoor":48,"minecraft:iron_axe":162,"minecraft:cherry_slab":272,"mcwfurnitures:stripped_cherry_modern_wardrobe":9,"minecraft:bamboo":21,"expanded_combat:diamond_scythe":340,"supplementaries:statue":2,"minecraft:cherry_fence":4,"minecraft:cobbled_deepslate":32,"minecraft:cherry_log":100,"farmersdelight:roast_chicken_block":3,"supplementaries:blackboard":8,"minecraft:water_bucket":11,"minecraft:chiseled_bookshelf":12,"minecraft:cobblestone_stairs":2,"minecraft:birch_planks":6,"minecraft:baked_potato":20,"minecraft:cherry_planks":19,"aether:holystone_bricks":3,"minecraft:cauldron":3,"create:framed_glass_trapdoor":1,"supplementaries:pulley_block":2,"minecraft:music_disc_cat":1,"minecraft:crafting_table":1,"minecraft:painting":9,"minecraft:spruce_log":2,"farmersdelight:bacon_and_eggs":1,"minecraft:piston":2,"farmersdelight:hot_cocoa":2,"minecraft:diamond_pickaxe":141,"minecraft:diamond_shovel":246,"alexscaves:thornwood_button":2,"minecraft:bamboo_slab":4,"minecraft:cobblestone":1,"alexsmobs:music_disc_thime":1,"minecraft:cherry_stairs":4,"minecraft:white_banner":8,"mcwfurnitures:stripped_oak_modern_wardrobe":12,"minecraft:bucket":5,"minecraft:candle":5,"minecraft:jukebox":2},"minecraft:broken":{"minecraft:iron_axe":2},"minecraft:crafted":{"mcwtrpdoors:cherry_ranch_trapdoor":28,"minecraft:cherry_pressure_plate":54,"minecraft:cherry_slab":258,"minecraft:chain":6,"minecraft:diamond_shovel":1,"minecraft:diamond_axe":1,"minecraft:crafting_table":1,"minecraft:paper":144,"minecraft:cherry_planks":472,"mcwtrpdoors:cherry_cottage_trapdoor":4,"minecraft:iron_nugget":108,"minecraft:bone_meal":30,"another_furniture:cherry_shutter":28,"minecraft:lantern":13,"minecraft:cherry_stairs":108,"mcwtrpdoors:cherry_bamboo_trapdoor":49,"mcwtrpdoors:print_bamboo":128,"minecraft:cooked_salmon":18,"minecraft:air":0,"mcwtrpdoors:print_cottage":4,"minecraft:cherry_hanging_sign":12,"minecraft:torch":68},"minecraft:dropped":{"minecraft:birch_planks":1,"minecraft:glass_bottle":1,"alexscaves:flytrap":2,"minecraft:mossy_stone_brick_stairs":3,"minecraft:cobblestone_stairs":17,"minecraft:dirt":4,"alexsmobs:flying_fish":1,"minecraft:chain":4,"minecraft:bone_meal":3,"minecraft:sand":176,"jeg:tech_trash":1,"minecraft:bone":1,"minecraft:gravel":6,"minecraft:cobbled_deepslate":5,"minecraft:stripped_dark_oak_log":10,"minecraft:rotten_flesh":16,"minecraft:oak_planks":25,"minecraft:mossy_stone_brick_slab":1,"minecraft:gunpowder":8,"minecraft:melon_seeds":2,"minecraft:chainmail_boots":2,"minecraft:chest":1,"alexscaves:primordial_helmet":3,"minecraft:stone_brick_stairs":4,"minecraft:iron_ingot":3,"minecraft:oak_fence":2,"minecraft:cobblestone":53,"minecraft:lead":2,"minecraft:grass_block":1,"minecraft:diorite":4,"minecraft:paper":1,"minecraft:bucket":1,"ars_nouveau:wilden_wing":1,"minecraft:stone_brick_slab":2,"minecraft:bricks":11,"minecraft:bowl":1,"minecraft:tuff":14,"farmersdelight:roast_chicken":1,"minecraft:pumpkin_seeds":9,"minecraft:filled_map":2,"aether:iron_gloves":1,"farmersdelight:fried_egg":3,"minecraft:andesite":6,"minecraft:mossy_stone_bricks":7,"supplementaries:bubble_blower":1,"minecraft:stripped_cherry_log":1,"minecraft:bamboo":62,"minecraft:spruce_log":1,"minecraft:sandstone":139,"minecraft:wooden_pickaxe":1,"alexscaves:charred_remnant":1},"minecraft:killed":{"minecraft:cave_spider":3,"minecraft:spider":7,"minecraft:skeleton":5,"alexsmobs:skelewag":1,"minecraft:zombie":1,"alexscaves:vallumraptor":2,"alexscaves:brainiac":1,"alexsmobs:flying_fish":2,"alexscaves:subterranodon":1},"minecraft:custom":{"minecraft:animals_bred":8,"minecraft:interact_with_crafting_table":21,"minecraft:open_barrel":1,"minecraft:leave_game":8,"minecraft:time_since_death":129579,"minecraft:damage_resisted":0,"minecraft:sprint_one_cm":680390,"minecraft:drop":151,"minecraft:talked_to_villager":7,"minecraft:play_time":359881,"minecraft:deaths":2,"minecraft:jump":2045,"minecraft:interact_with_brewingstand":3,"minecraft:walk_on_water_one_cm":83506,"minecraft:interact_with_furnace":1,"minecraft:play_record":3,"minecraft:interact_with_loom":2,"minecraft:damage_dealt":6101,"minecraft:player_kills":1,"minecraft:crouch_one_cm":14904,"minecraft:interact_with_smoker":1,"minecraft:mob_kills":24,"minecraft:interact_with_anvil":1,"minecraft:fill_cauldron":2,"minecraft:damage_dealt_resisted":0,"minecraft:climb_one_cm":424,"minecraft:walk_one_cm":748940,"minecraft:sneak_time":20461,"minecraft:walk_under_water_one_cm":95695,"minecraft:total_world_time":359881,"minecraft:time_since_rest":129622,"minecraft:damage_taken":13187,"minecraft:damage_absorbed":40,"minecraft:swim_one_cm":238936,"minecraft:fly_one_cm":1846667,"minecraft:open_chest":212,"minecraft:fall_one_cm":69163},"minecraft:picked_up":{"minecraft:wooden_axe":1,"minecraft:wheat":127,"minecraft:chainmail_boots":2,"minecraft:lead":2,"aether:iron_gloves":1,"minecraft:potion":2,"minecraft:enchanted_book":1,"mcwtrpdoors:cherry_ranch_trapdoor":4,"minecraft:stone_brick_stairs":4,"minecraft:music_disc_cat":1,"minecraft:string":13,"decorative_blocks:cherry_palisade":1,"minecraft:gold_nugget":34,"minecraft:cobbled_deepslate":89,"minecraft:bucket":3,"delightful:acorn":6,"minecraft:redstone_torch":1,"vs_clockwork:wanderlite_crystal":1,"delightful:green_tea_leaf":16,"minecraft:coal_block":38,"farmersdelight:cabbage_seeds":26,"alexscaves:flytrap":2,"minecraft:furnace":1,"minecraft:stick":117,"apotheosis:gem":1,"minecraft:oak_fence":3,"minecraft:torch":6,"alexscaves:limestone_pillar":5,"minecraft:porkchop":4,"minecraft:dried_kelp":48,"minecraft:cherry_log":210,"minecraft:diorite":4,"delightful:salmonberry_ice_cream":1,"supplementaries:flax":3,"farmersdelight:melon_popsicle":1,"alexscaves:limestone_slab":1,"farmersdelight:fried_egg":9,"minecraft:rotten_flesh":68,"ars_nouveau:apprentice_spell_book":1,"mcwtrpdoors:cherry_cottage_trapdoor":1,"minecraft:red_tulip":1,"farmersdelight:rope":21,"supplementaries:ash":11,"ars_nouveau:sourceberry_bush":162,"farmersdelight:melon_juice":1,"alexsmobs:flying_fish":6,"minecraft:cobblestone":134,"minecraft:birch_log":4,"minecraft:feather":2,"minecraft:cherry_planks":6,"minecraft:cherry_leaves":59,"supplementaries:candy":1,"minecraft:andesite":6,"minecraft:potato":218,"jeg:scrap":4,"minecraft:tuff":14,"farmersdelight:roast_chicken_block":2,"supplementaries:flax_seeds":3,"farmersdelight:cooked_bacon":4,"minecraft:lantern":8,"farmersdelight:chicken_sandwich":1,"farmersdelight:tomato":12,"minecraft:dirt":6,"minecraft:name_tag":3,"minecraft:leather_boots":1,"minecraft:bone":19,"farmersdelight:iron_knife":1,"minecraft:orange_tulip":1,"ars_nouveau:source_gem":1,"minecraft:wheat_seeds":218,"minecraft:mossy_stone_bricks":7,"minecraft:bamboo":189,"minecraft:powered_rail":4,"minecraft:oak_planks":25,"minecraft:mossy_stone_brick_stairs":3,"minecraft:cooked_porkchop":3,"mcwdoors:cherry_western_door":3,"minecraft:poisonous_potato":7,"butchersdelight:skullcow":6,"minecraft:sand":291,"minecraft:grass_block":1,"ars_nouveau:wilden_horn":5,"minecraft:mossy_cobblestone":3,"minecraft:diamond":6,"supplementaries:bubble_blower":1,"minecraft:bone_meal":4,"minecraft:bread":40,"minecraft:emerald":5,"minecraft:oak_sapling":20,"minecraft:cherry_slab":62,"minecraft:bricks":11,"minecraft:cocoa_beans":13,"minecraft:chest_minecart":1,"minecraft:brown_mushroom":32,"minecraft:wooden_pickaxe":1,"minecraft:stripped_cherry_log":11,"alexscaves:flood_basalt":14,"minecraft:chain":4,"minecraft:brick":2,"ars_nouveau:amplify_arrow":19,"minecraft:cornflower":4,"supplementaries:globe":1,"supplementaries:bomb":1,"minecraft:candle":1,"farmersdelight:beef_patty":2,"minecraft:detector_rail":4,"mcwtrpdoors:cherry_bamboo_trapdoor":4,"minecraft:iron_nugget":11,"minecraft:chest":1,"alexscaves:amber_monolith":1,"supplementaries:rope":2,"minecraft:sugar_cane":1274,"minecraft:spruce_trapdoor":3,"minecraft:phantom_membrane":1,"minecraft:egg":17,"minecraft:sandstone":159,"alexscaves:cycad":2,"minecraft:bowl":6,"alexscaves:primordial_helmet":3,"farmersdelight:tomato_seeds":11,"minecraft:carrot":144,"minecraft:arrow":5,"butchersdelight:deadsheep":1,"minecraft:beetroot_seeds":6,"minecraft:saddle":1,"minecraft:glow_berries":7,"minecraft:mutton":1,"minecraft:rail":9,"another_furniture:cherry_shutter":3,"minecraft:leather":3,"minecraft:red_mushroom":5,"minecraft:filled_map":2,"alexsmobs:cachalot_whale_tooth":1,"minecraft:oak_log":38,"minecraft:yellow_bed":1,"minecraft:gunpowder":8,"minecraft:cobblestone_stairs":19,"alexscaves:charred_remnant":1,"alexscaves:ambersol":2,"alexscaves:amber":1,"minecraft:apple":43,"minecraft:iron_ingot":8,"alexscaves:curly_fern":2,"minecraft:glass_bottle":2,"jeg:tech_trash":1,"alexsmobs:music_disc_daze":1,"farmersdelight:hot_cocoa":2,"minecraft:pumpkin":9,"minecraft:sweet_berries":14,"minecraft:stone_brick_slab":2,"minecraft:gravel":6,"minecraft:spruce_sapling":10,"minecraft:spruce_log":35,"minecraft:mossy_stone_brick_slab":1,"farmersdelight:cabbage_leaf":10,"minecraft:spider_eye":4,"farmersdelight:bacon_and_eggs":1,"delightful:deluxe_cheeseburger":1,"minecraft:oak_wood":6,"butchersdelight:sheephide":2,"minecraft:pumpkin_seeds":12,"minecraft:purple_bed":1,"minecraft:slime_ball":1,"minecraft:chainmail_leggings":1,"minecraft:painting":3,"minecraft:cherry_sapling":92,"minecraft:baked_potato":173,"minecraft:melon_seeds":2,"minecraft:stripped_dark_oak_log":10,"minecraft:coal":167},"minecraft:killed_by":{"minecraft:player":1,"alexscaves:vallumraptor":1},"minecraft:mined":{"minecraft:oak_sapling":3,"farmersdelight:roast_chicken_block":1,"minecraft:cherry_log":36,"minecraft:cobblestone_stairs":20,"minecraft:spruce_trapdoor":3,"minecraft:grass_block":8,"minecraft:spawner":1,"alexscaves:amber_monolith":1,"alexscaves:ambersol":2,"alexscaves:limestone_pillar":5,"alexscaves:amber":1,"mcwtrpdoors:cherry_cottage_trapdoor":2,"minecraft:torch":2,"minecraft:cobblestone":16,"minecraft:sugar_cane":4,"minecraft:wall_torch":1,"minecraft:cherry_slab":55,"minecraft:chain":3,"minecraft:powered_rail":4,"minecraft:wheat":14,"minecraft:grass":14,"minecraft:sand":269,"minecraft:oak_leaves":5,"minecraft:deepslate":2,"alexscaves:flood_basalt":15,"decorative_blocks:cherry_palisade":1,"minecraft:mossy_cobblestone":3,"minecraft:deepslate_diamond_ore":6,"minecraft:candle":1,"minecraft:cherry_sapling":2,"butchersdelight:deadsheepblock":1,"mcwtrpdoors:cherry_ranch_trapdoor":4,"minecraft:sandstone":37,"alexscaves:limestone_slab":2,"minecraft:spruce_sapling":1,"minecraft:carrots":4,"another_furniture:cherry_shutter":4,"minecraft:potatoes":18,"minecraft:lantern":8,"alexscaves:curly_fern":2,"minecraft:bamboo_sapling":4,"butchersdelight:skullcow":6,"minecraft:bamboo":10,"minecraft:stone":2,"minecraft:glass_pane":1,"minecraft:cherry_planks":5,"minecraft:oak_fence":1,"alexscaves:flytrap":1,"minecraft:oak_wood":6,"supplementaries:urn":9,"mcwtrpdoors:cherry_bamboo_trapdoor":4,"minecraft:purple_bed":1,"minecraft:spruce_log":16,"minecraft:yellow_bed":1,"alexscaves:cycad":1,"minecraft:cherry_leaves":71,"minecraft:gravel":10,"minecraft:cobweb":2,"minecraft:fern":5}},"DataVersion":3465}