{"stats":{"minecraft:killed_by":{"minecraft:spider":3},"minecraft:used":{"tfc:food/squash":1,"tfc:wattle":8,"minecraft:rotten_flesh":1,"tfc:food/cooked_grouse":3,"tfc:stone/knife/sedimentary":31,"tfc:rock/loose/dacite":1,"tfc:sand/white":1,"tfc:sand/green":2,"tfc:wood/log/douglas_fir":54,"tfc:dirt/silty_loam":6,"tfc:wood/twig/hickory":1,"tfc:stone/axe/igneous_extrusive":49,"tfc:wood/twig/maple":1,"tfc:torch":2,"tfc:firestarter":3,"tfc:groundcover/sea_urchin":1,"alexsmobs:animal_dictionary":1},"minecraft:killed":{"minecraft:spider":5,"minecraft:creeper":1,"minecraft:zombie":1,"tfc:grouse":1},"minecraft:dropped":{"minecraft:feather":5,"minecraft:chicken":1,"minecraft:rotten_flesh":1,"tfc:sand/white":1,"tfc:dirt/silty_loam":1,"tfc:wood/twig/hickory":1,"minecraft:stick":5,"tfc:wood/twig/maple":1,"tfc:wood/log/douglas_fir":3,"tacz:ammo":1,"tacz:modern_kinetic_gun":7,"tfc:groundcover/seaweed":3,"tfc:groundcover/mollusk":2,"minecraft:string":4,"tacz:attachment":4},"minecraft:broken":{"tfc:stone/knife/sedimentary":1,"tfc:stone/axe/igneous_extrusive":2},"minecraft:custom":{"minecraft:mob_kills":8,"minecraft:leave_game":1,"minecraft:time_since_death":12305,"minecraft:time_since_rest":12339,"minecraft:sprint_one_cm":130982,"minecraft:damage_taken":910,"minecraft:walk_one_cm":158327,"minecraft:drop":33,"minecraft:damage_dealt":674,"minecraft:swim_one_cm":17004,"minecraft:fly_one_cm":201664,"minecraft:crouch_one_cm":2256,"minecraft:play_time":74123,"minecraft:deaths":3,"minecraft:sneak_time":950,"minecraft:walk_under_water_one_cm":10710,"minecraft:jump":643,"minecraft:walk_on_water_one_cm":9740,"minecraft:total_world_time":74123,"minecraft:fall_one_cm":6504},"minecraft:mined":{"tfc:wood/twig/hickory":2,"tfc:plant/blueberry_bush":3,"tfc:plant/field_horsetail":8,"tfc:wild_crop/pumpkin":1,"tfc:plant/arundo_plant":4,"tfc:plant/lily_of_the_valley":1,"tfc:wattle":5,"tfc:plant/lady_fern":6,"tfc:plant/tall_fescue_grass":66,"tfc:rock/mossy_loose/dolomite":2,"tfc:groundcover/mollusk":1,"tfc:dirt/silty_loam":1,"tfc:grass/silty_loam":6,"tfc:plant/beachgrass":3,"tfc:wild_crop/oat":5,"tfc:wattle/unstained":1,"tfc:plant/sea_palm":2,"tfc:plant/scutch_grass":67,"tfc:plant/arrowhead":1,"tfc:plant/dandelion":11,"tfc:plant/athyrium_fern":6,"tfc:plant/arundo":1,"butchersdelight:deadchickenblock":1,"tfc:groundcover/clam":1,"tfc:plant/morning_glory":5,"tfc:rock/loose/dolomite":1,"tfc:wood/leaves/maple":4,"tfc:wood/twig/maple":4,"tfc:plant/heather":2,"tfc:groundcover/stick":5,"tfc:plant/tulip_orange":4,"tfc:plant/moss":11,"tfc:rock/mossy_loose/conglomerate":2,"tfc:rock/loose/dacite":1,"tfc:plant/cattail":1,"tfc:plant/timothy_grass":39,"tfc:rock/loose/conglomerate":2,"tfc:melon":3,"tfc:plant/artists_conk":2,"tfc:wood/fallen_leaves/douglas_fir":3,"tfc:plant/switchgrass":43,"tfc:wood/fallen_leaves/hickory":4,"tfc:wood/twig/douglas_fir":2,"tfc:sand/white":1,"tfc:wood/log/douglas_fir":11,"tfc:sand/green":2,"tfc:groundcover/driftwood":1,"tfc:plant/green_algae":1,"tfc:pumpkin":3,"tfc:wild_crop/squash":3},"minecraft:crafted":{"tfc:stone/knife/sedimentary":1,"tfc:food/oat":4,"tfc:thatch":1,"tfc:firestarter":1,"tfc:wattle":6,"tfc:stone/axe/igneous_extrusive":2},"minecraft:picked_up":{"tfc:rock/mossy_loose/dolomite":4,"tfc:stone/axe_head/igneous_extrusive":1,"tfc:wood/twig/douglas_fir":6,"minecraft:feather":16,"tfc:plant/arundo":8,"minecraft:chicken":1,"butchersdelight:deadpig":1,"tfc:rock/loose/dacite":3,"tfc:wood/twig/maple":4,"tfc:groundcover/seaweed":6,"minecraft:gunpowder":2,"tfc:wood/fallen_leaves/douglas_fir":11,"tfc:plant/lily_of_the_valley":1,"minecraft:string":6,"tfc:seeds/oat":10,"tfc:food/squash":15,"tfc:straw":5,"butchersdelight:deadchiken":1,"minecraft:bone":6,"tfc:wood/log/douglas_fir":95,"tfc:dirt/silty_loam":8,"tfc:rock/loose/conglomerate":5,"tfc:seeds/squash":6,"tfc:groundcover/clam":1,"minecraft:stick":25,"tfc:sand/green":2,"tfc:plant/water_lily":3,"tfc:wood/twig/hickory":5,"tfc:wood/fallen_leaves/hickory":21,"tfc:plant/athyrium_fern":2,"tfc:wattle":2,"tfc:melon":6,"minecraft:spider_eye":3,"alexsmobs:animal_dictionary":1,"tfc:food/oat":20,"minecraft:arrow":2,"tfc:groundcover/mollusk":2,"minecraft:rotten_flesh":1,"tfc:plant/sea_palm":1,"tacz:modern_kinetic_gun":2,"ars_nouveau:worn_notebook":1,"tfc:pumpkin":3,"tfc:torch":2,"tfc:rock/loose/dolomite":6,"tfc:food/cooked_grouse":1,"tfc:rock/mossy_loose/conglomerate":3,"tfc:food/grouse":6,"tfc:sand/white":2}},"DataVersion":3465}