{"stats":{"minecraft:killed_by":{"minecraft:spider":2},"minecraft:used":{"tfc:food/squash":1,"tfc:stone/knife/sedimentary":16,"tfc:wood/log/douglas_fir":3,"tfc:dirt/silty_loam":6,"tfc:stone/axe/igneous_extrusive":2,"alexsmobs:animal_dictionary":1},"minecraft:killed":{"minecraft:spider":2,"minecraft:creeper":1,"minecraft:zombie":1,"tfc:grouse":1},"minecraft:dropped":{"tfc:sand/white":1,"tacz:ammo":1,"tacz:modern_kinetic_gun":7,"tacz:attachment":4},"minecraft:broken":{"tfc:stone/axe/igneous_extrusive":1},"minecraft:custom":{"minecraft:mob_kills":5,"minecraft:leave_game":1,"minecraft:time_since_death":4629,"minecraft:time_since_rest":4663,"minecraft:sprint_one_cm":73975,"minecraft:damage_taken":502,"minecraft:walk_one_cm":89515,"minecraft:drop":13,"minecraft:damage_dealt":258,"minecraft:swim_one_cm":12469,"minecraft:fly_one_cm":118407,"minecraft:crouch_one_cm":147,"minecraft:play_time":38123,"minecraft:deaths":2,"minecraft:sneak_time":335,"minecraft:walk_under_water_one_cm":5480,"minecraft:jump":284,"minecraft:walk_on_water_one_cm":5885,"minecraft:total_world_time":38123,"minecraft:fall_one_cm":2893},"minecraft:mined":{"tfc:wood/twig/hickory":2,"tfc:plant/blueberry_bush":3,"tfc:plant/field_horsetail":8,"tfc:plant/arundo_plant":4,"tfc:plant/lily_of_the_valley":1,"tfc:plant/lady_fern":6,"tfc:plant/tall_fescue_grass":64,"tfc:rock/mossy_loose/dolomite":2,"tfc:dirt/silty_loam":1,"tfc:grass/silty_loam":5,"tfc:plant/beachgrass":2,"tfc:wild_crop/oat":5,"tfc:plant/scutch_grass":63,"tfc:plant/dandelion":11,"tfc:plant/athyrium_fern":4,"tfc:plant/arundo":1,"tfc:groundcover/clam":1,"tfc:plant/morning_glory":5,"tfc:rock/loose/dolomite":1,"tfc:wood/leaves/maple":4,"tfc:wood/twig/maple":3,"tfc:plant/heather":2,"tfc:groundcover/stick":4,"tfc:plant/tulip_orange":4,"tfc:plant/moss":11,"tfc:rock/mossy_loose/conglomerate":1,"tfc:rock/loose/dacite":1,"tfc:plant/timothy_grass":39,"tfc:rock/loose/conglomerate":1,"tfc:melon":3,"tfc:plant/artists_conk":2,"tfc:wood/fallen_leaves/douglas_fir":3,"tfc:plant/switchgrass":43,"tfc:wood/fallen_leaves/hickory":3,"tfc:wood/twig/douglas_fir":2,"tfc:sand/white":1,"tfc:wood/log/douglas_fir":2,"tfc:wild_crop/squash":3},"minecraft:crafted":{"tfc:stone/knife/sedimentary":1,"tfc:stone/axe/igneous_extrusive":2},"minecraft:picked_up":{"tfc:rock/mossy_loose/dolomite":4,"tfc:stone/axe_head/igneous_extrusive":1,"tfc:wood/twig/douglas_fir":6,"minecraft:feather":10,"tfc:plant/arundo":8,"tfc:rock/loose/dacite":3,"tfc:wood/twig/maple":2,"minecraft:gunpowder":2,"tfc:wood/fallen_leaves/douglas_fir":11,"tfc:plant/lily_of_the_valley":1,"minecraft:string":3,"tfc:seeds/oat":10,"tfc:food/squash":15,"tfc:straw":3,"minecraft:bone":4,"tfc:wood/log/douglas_fir":88,"tfc:dirt/silty_loam":7,"tfc:rock/loose/conglomerate":4,"tfc:seeds/squash":6,"tfc:groundcover/clam":1,"minecraft:stick":22,"tfc:plant/water_lily":3,"tfc:wood/twig/hickory":4,"tfc:wood/fallen_leaves/hickory":20,"tfc:melon":6,"minecraft:spider_eye":2,"alexsmobs:animal_dictionary":1,"tfc:food/oat":20,"tacz:modern_kinetic_gun":2,"ars_nouveau:worn_notebook":1,"tfc:rock/loose/dolomite":6,"tfc:rock/mossy_loose/conglomerate":1,"tfc:food/grouse":6,"tfc:sand/white":1}},"DataVersion":3465}